d_company,fecha,Price,id_country,id_sector,Revenue:Q
145,2022-06-16,130.94,11,5,-29.91062307
1389,2022-06-16,53.59,11,5,-35.49736595
42,2022-06-16,102.07,11,8,-24.43016693
21,2022-06-16,139.15,11,8,7.654308104
886,2022-06-16,224.73,11,8,-27.50645299
37,2022-06-16,270.9,26,4,-32.00054878
198,2022-06-16,73.93,11,3,20.94532066
54,2022-06-16,365.08,11,4,-35.50849348
949,2022-06-16,165.45,11,10,-29.6901972
96,2022-06-16,82.05,11,4,-40.8179433
673,2022-06-16,18.94,11,11,-20.12400629
303,2022-06-16,53.01,11,2,-7.234595205
272,2022-06-16,114.96,11,8,-23.54535863
186,2022-06-16,235.1,11,1,-21.5600971
762,2022-06-16,87.46,11,4,-25.13909294
4151,2022-06-16,38.68,11,5,-21.41406065
367,2022-06-16,202.17,11,1,-12.13077457
536,2022-06-16,130.54,11,9,-39.06847381
694,2022-06-16,229.82,11,8,-61.37868311
1155,2022-06-16,96.37,26,5,-26.01250232
826,2022-06-16,54.97,11,11,8.584430512
337,2022-06-16,119.53,11,2,4.568108075
4,2022-06-16,2132.72,11,3,-18.32961724
5,2022-06-16,2120.67,11,3,-28.49667142
114,2022-06-16,45.38,11,7,-41.41755055
3,2022-06-16,103.66,11,10,-38.61586518
641,2022-06-16,11.71,14,1,-0.833546344
567,2022-06-16,82,11,11,-6.303826417
3004,2022-06-16,12.16,11,5,-26.39225478
242,2022-06-16,89.19,11,11,3.03668052
123,2022-06-16,137.5,11,2,-15.19327946
251,2022-06-16,49.97,11,2,-8.563050648
105,2022-06-16,234.18,11,9,-14.81236676
460,2022-06-16,130.88,11,11,-27.85345457
384,2022-06-16,235.6,11,2,-20.87687118
491,2022-06-16,140.96,11,8,14.41188715
414,2022-06-16,108.23,11,5,-24.49553954
59,2022-06-16,230.71,11,8,5.380942232
252,2022-06-16,62.51,11,4,-24.80087381
128,2022-06-16,143.46,11,4,-16.10882997
601,2022-06-16,227.7,11,4,-42.80906501
176,2022-06-16,248.5,11,2,-15.4804455
709,2022-06-16,41.76,11,6,69.62991934
1,2022-06-16,130.06,11,4,-24.2909481
137,2022-06-16,89.59,11,4,-38.67069723
479,2022-06-16,86.16,26,10,-46.86729051
203,2022-06-16,79.03,11,7,20.60542208
440,2022-06-16,90.42,11,4,-30.52097849
294,2022-06-16,149.05,11,2,-9.669488314
1172,2022-06-16,169.08,11,2,10.79982705
70,2022-06-16,18.96,11,3,0.050719517
743,2022-06-16,104.58,11,11,5.518146645
241,2022-06-16,164.31,11,4,-39.05641242
92,2022-06-16,199.94,11,4,-12.91711272
228,2022-06-16,2001.16,11,10,-0.500190763
478,2022-06-16,186.39,11,9,-23.24297474
742,2022-06-16,153.31,11,1,-26.6830128
439,2022-06-16,29.89,11,6,24.59013213
683,2022-06-16,63.31,11,1,-31.09149258
25,2022-06-16,31.85,11,2,-28.46541431
381,2022-06-16,41.21,11,2,-28.47934916
1311,2022-06-16,32.1,11,10,-53.3926545
401,2022-06-16,65.29,11,8,-21.62820131
154,2022-06-16,234.74,11,8,-5.762045861
10,2022-06-16,268.56,11,2,-10.53070409
804,2022-06-16,68.48,11,10,-30.17409856
269,2022-06-16,191.53,11,8,-18.67782129
1171,2022-06-16,470.38,11,8,-35.94520417
918,2022-06-16,322.67,11,8,-31.89952858
109,2022-06-16,585.77,11,2,-35.5261299
111,2022-06-16,133.36,11,5,-30.10115556
136,2022-06-16,1846.24,11,10,-14.71977749
1131,2022-06-16,32.95,11,10,-24.86185034
961,2022-06-16,88.55,11,9,-21.09395417
173,2022-06-16,35.51,11,8,-12.16918612
49,2022-06-16,72.62,11,8,18.70602321
38,2022-06-16,497.18,11,4,-18.83966928
662,2022-06-16,134.16,11,4,-24.80242088
724,2022-06-16,53.28,11,2,-20.49990176
573,2022-06-16,66.04,11,7,-8.647988392
246,2022-06-16,141.08,11,4,-21.45640482
1153,2022-06-16,37.67,11,10,-5.963034274
851,2022-06-16,127.58,11,9,-24.33407087
973,2022-06-16,45.18,11,7,-27.23721754
295,2022-06-16,102.11,11,2,-18.6117987
565,2022-06-16,50.48,11,8,3.969050871
1094,2022-06-16,85.76,11,10,4.475716133
1196,2022-06-16,8.75,11,10,-50.19920232
378,2022-06-16,34.58,11,5,-35.38007
881,2022-06-16,100.8,11,8,-10.96368382
91,2022-06-16,194.79,11,5,-4.559312216
799,2022-06-16,108.87,11,2,-16.86172282
519,2022-06-16,68.15,11,9,-35.65898536
517,2022-06-16,155.94,11,4,-16.47364016
1034,2022-06-16,123.19,11,1,-23.7358367
248,2022-06-16,76.64,11,8,-27.66040609
640,2022-06-16,27.44,11,11,-2.614053919
1145,2022-06-16,44.05,11,4,-56.06861403
528,2022-06-16,90.61,11,1,-20.61116635
861,2022-06-16,101.09,11,5,-35.65898536
970,2022-06-16,205.11,11,8,-30.19971954
87,2022-06-16,60.86,11,2,-11.86586723
327,2022-06-16,415.35,11,3,-16.47364016
12,2022-06-16,155.48,11,6,5.388514541
264,2022-06-16,1214.56,11,10,-27.07247205
115,2022-06-16,189.19,16,2,-2.614053919
615,2022-06-16,82.2,11,7,-16.86172282
93,2022-06-16,248.3,11,8,-23.7358367
700,2022-06-16,112.7,11,2,-7.662651338
317,2022-06-16,348.89,11,5,-21.76411781
45,2022-06-16,43.32,11,4,-4.639804134
112,2022-06-16,46.89,11,2,-21.80815756
579,2022-06-16,35.04,11,2,-4.559312216
646,2022-06-16,122.57,11,7,-56.06861403
159,2022-06-16,203.28,11,2,-43.16393321
685,2022-06-16,61.5,11,11,35.8470807
28,2022-06-16,59.07,11,7,3827092992
363,2022-06-16,65.79,11,4,-13.92787331
165,2022-06-16,73.92,11,7,-0.762680409
57,2022-06-16,37.91,11,3,-2.144169037
1111,2022-06-16,73.75,11,2,42.03208605
649,2022-06-16,31.75,11,7,-6.077276867
47,2022-06-16,102.42,11,6,-2.81249266
380,2022-06-16,87.67,11,11,-3.786784836
360,2022-06-16,225.77,11,7,-36.84158982
406,2022-06-16,58.26,11,11,-35.38007
809,2022-06-16,305.16,11,8,14.59246923
483,2022-06-16,102.78,11,5,-21.80815756
475,2022-06-16,31.37,11,4,-2.001017535
234,2022-06-16,54.04,11,1,-6.077276867
408,2022-06-16,80.17,11,5,556921024
29,2022-06-16,451.76,11,7,-22.89781672
480,2022-06-16,28.63,11,6,-21.55258157
191,2022-06-16,154.99,11,9,-21.30307269
162,2022-06-16,29.05,11,5,2.226925302
352,2022-06-16,189.15,11,5,-34.23636042
69,2022-06-16,89.85,11,8,45.0021889
43,2022-06-16,240.85,11,8,-21.30307269
657,2022-06-16,111.84,11,10,-17.37430013
1668,2022-06-16,87.94,11,8,-48.62475461
85,2022-06-16,317.57,11,5,-14.24467138
1624,2022-06-16,29.58,11,5,-22.7129781
1427,2022-06-16,34.74,11,8,-18.26838437
212,2022-06-16,63.27,11,6,30.62425688
282,2022-06-16,67.99,11,8,-21.89434733
424,2022-06-16,133.68,11,6,-41.0800057
415,2022-06-16,125.31,11,9,-10.28946926
447,2022-06-16,89.53,11,2,15.63593199
2183,2022-06-16,16.73,11,3,-12.14819439
181,2022-06-16,232.23,11,10,556921024
366,2022-06-16,151.17,11,10,-24.26287959
189,2022-06-16,74.38,11,11,
895,2022-06-16,379.55,11,10,-8.309222153
612,2022-06-16,119.82,11,5,-22.74292058
329,2022-06-16,55.42,11,1,-16.55754535
506,2022-06-16,61.3,11,10,48.6436277
613,2022-06-16,116.61,11,11,-35.56785177
143,2022-06-16,99.54,11,11,62.17152418
443,2022-06-16,56.78,11,1,-29.71346387
1378,2022-06-16,29.75,11,4,-25.75059579
1024,2022-06-16,87.45,11,1,-0.924243438
179,2022-06-16,126.11,11,5,-26.62875004
530,2022-06-16,41.08,11,10,3.34560422
284,2022-06-16,145.63,11,1,9.472085001
542,2022-06-16,60.33,11,11,-29.98874295
192,2022-06-16,87.73,11,8,-12.73040766
313,2022-06-16,127.98,11,3,-48.20433456
65,2022-06-16,454.76,11,8,-40.9790431
17,2022-06-16,288.07,11,8,-34.00976612
209,2022-06-16,81,11,5,-2.962675432
338,2022-06-16,169.595,11,4,-27.20713763
550,2022-06-16,105.87,11,11,-0.819155994
119,2022-06-16,119.56,11,6,-5.3452125
609,2022-06-16,286.16,11,4,-26.08488036
798,2022-06-16,43.94,11,6,1663926016
586,2022-06-16,170.35,11,5,-28.27108377
216,2022-06-16,618.43,11,9,-24.45270397
494,2022-06-16,68.74,11,9,-35.29545365
715,2022-06-16,253.94,11,9,-9.404456881
258,2022-06-16,233.12,11,7,3.733871576
815,2022-06-16,69,11,10,2.083446652
922,2022-06-16,265,47,2,-30.70447387
781,2022-06-16,60.74,11,11,4.015541486
456,2022-06-16,78.81,11,11,-36.4454893
305,2022-06-16,41.22,11,11,-11.1370208
730,2022-06-16,96.33,11,10,43.743077
686,2022-06-16,96.3,11,5,-2.607585209
520,2022-06-16,159.94,11,9,-54.98717813
9,2022-06-16,91.39,11,6,-36.38686721
1109,2022-06-16,149.14,11,4,-9.273545727
693,2022-06-16,348.71,11,2,-35.44110818
430,2022-06-16,48.73,11,5,-24.16259769
1261,2022-06-16,93.85,11,9,-22.36243425
290,2022-06-16,225.31,11,5,-68.39067199
223,2022-06-16,90.7,11,4,-12.00088529
490,2022-06-16,33.25,11,2,-37.62221952
556,2022-06-16,134.62,11,2,-25.70757721
566,2022-06-16,36.33,11,11,-0.917160273
175,2022-06-16,88.38,11,4,7.998542372
797,2022-06-16,212.06,11,4,-28.5556625
721,2022-06-16,103.91,11,1,-24.10943509
214,2022-06-16,11.25,11,10,1663926016
293,2022-06-16,263.73,11,4,-25.53101596
518,2022-06-16,53.75,11,5,-5.208095606
1260,2022-06-16,58.31,11,5,-20.93105401
1068,2022-06-16,29.8,11,3,52.11063608
2036,2022-06-16,32.28,11,3,-36.24588379
1372,2022-06-16,23.15,11,2,-30.9447093
236,2022-06-16,34.87,11,1,-24.87189064
807,2022-06-16,92.78,16,10,-12.27298895
500,2022-06-16,224.07,11,4,-26.20560608
1294,2022-06-16,223.99,11,5,-44.06872383
171,2022-06-16,211.89,11,5,-15.55164988
116,2022-06-16,65.29,11,5,-22.56924454
231,2022-06-16,66.75,11,7,-8.188405336
224,2022-06-16,31.42,11,10,-0.133129508
499,2022-06-16,128.31,11,10,-44.00211996
107,2022-06-16,57.72,11,8,-33.98963686
356,2022-06-16,106.98,11,4,-12.61651853
962,2022-06-16,90.44,11,2,-15.68403214
78,2022-06-16,284.98,11,2,-30.9447093
396,2022-06-16,33.47,11,6,-29.94050434
512,2022-06-16,64.37,11,2,-46.1894153
1125,2022-06-16,79.01,11,10,-31.3931405
229,2022-06-16,171.56,11,8,3.882550014
855,2022-06-16,24.11,11,9,2192600064
1017,2022-06-16,73.17,11,8,-20.75895271
334,2022-06-16,202.26,11,7,-29.28625492
279,2022-06-16,108.71,11,6,-1.629163095
622,2022-06-16,13.35,11,4,-27.40492221
316,2022-06-16,115.42,11,10,-18.153955
689,2022-06-16,67.12,11,8,-15.34529762
18,2022-06-16,273.46,11,10,-29.31019358
64,2022-06-16,179.88,11,5,-1.113423218
801,2022-06-16,44.9,11,7,-5.831604181
816,2022-06-16,16.66,11,9,-32.10071724
783,2022-06-16,30.8,11,5,6.206428243
457,2022-06-16,32.71,11,4,49.35560525
150,2022-06-16,423.21,11,8,-0.624744128
541,2022-06-16,11.84,11,2,-36.01017026
974,2022-06-16,201.06,11,5,-4.357750061
690,2022-06-16,173.41,11,5,-13.86036406
399,2022-06-16,327.37,11,8,-16.87408314
185,2022-06-16,179.17,11,5,-50.43946296
324,2022-06-16,187.77,11,8,-13.28397565
780,2022-06-16,68.04,11,8,-7.785103878
584,2022-06-16,42.08,11,5,7.785936661
79,2022-06-16,37.34,11,4,7.854410885
197,2022-06-16,94.85,11,2,-9.288781026
74,2022-06-16,135.67,11,4,44.75969301
477,2022-06-16,109.56,11,1,-30.70438688
840,2022-06-16,42.71,11,1,-9.676486274
911,2022-06-16,26.59,11,3,-7.184082755
77,2022-06-16,359.63,11,4,4.600897291
121,2022-06-16,190.71,11,8,-46.1172565
1356,2022-06-16,15.97,11,2,-5.499998728
562,2022-06-16,30.11,11,9,568675008
343,2022-06-16,196.45,11,8,-21.21327773
753,2022-06-16,46.11,11,9,-27.18735264
727,2022-06-16,123.42,11,7,-23.34521456
758,2022-06-16,171.58,11,4,-29.76823966
726,2022-06-16,119.37,11,5,3827092992
744,2022-06-16,156.56,11,5,-29.1192555
8,2022-06-16,170.08,11,8,10.39621245
289,2022-06-16,47.37,11,5,-25.37519741
11,2022-06-16,113.43,11,2,-7.364064455
1067,2022-06-16,27.65,11,4,-24.03809075
596,2022-06-16,67.67,11,7,-26.13434876
351,2022-06-16,37.94,11,7,3622000128
652,2022-06-16,17.08,11,2,-43.12449269
379,2022-06-16,131.05,11,4,-42.99165773
277,2022-06-16,121.65,11,7,-6.67704321
854,2022-06-16,18.75,11,9,568675008
322,2022-06-16,16.7,11,6,-9.880330723
243,2022-06-16,310.4,11,4,-26.27134999
407,2022-06-16,36.03,11,7,-28.41619864
404,2022-06-16,49.82,11,7,-19.9880594
219,2022-06-16,222.08,11,5,4.669695956
563,2022-06-16,218.14,11,8,-16.30631553
200,2022-06-16,418.3,11,4,2.241197938
874,2022-06-16,63.71,11,7,-37.2849182
898,2022-06-16,30.87,11,10,-29.45287078
792,2022-06-16,95.36,11,5,-39.5286435
603,2022-06-16,64.49,11,10,-28.32214337
1177,2022-06-16,46.7,11,2,-16.17963874
52,2022-06-16,289.72,14,1,3622000128
859,2022-06-16,81.77,11,3,-12.07633067
741,2022-06-16,46.43,11,10,-25.46225884
72,2022-06-16,404.79,11,5,-12.66655479
888,2022-06-16,56.9,11,2,-0.43256737
75,2022-06-16,171.61,11,10,-21.40791071
1323,2022-06-16,10.18,11,3,9.437655295
547,2022-06-16,91.22,11,1,12.20032143
398,2022-06-16,160.64,11,2,-24.26096151
549,2022-06-16,25.66,11,6,1.298728811
164,2022-06-16,91.98,11,6,31.20031281
1092,2022-06-16,269.12,11,2,-3.540913767
240,2022-06-16,145.16,11,10,-29.55667074
122,2022-06-16,144.34,11,2,-30.94377372
574,2022-06-16,303.07,11,1,-14.53092448
920,2022-06-16,47.71,11,5,-14.13860542
22,2022-06-16,308.78,11,4,7.893676221
850,2022-06-16,72.9,11,3,-26.73974352
604,2022-06-16,82.86,11,7,-33.80092317
34,2022-06-16,235.19,11,10,-19.35897888
190,2022-06-16,304.02,11,8,18.89417729
81,2022-06-16,87.4,26,8,-13.81457849
24,2022-06-16,84.89,11,8,13.74311666
16,2022-06-16,160.87,11,3,6.26148957
254,2022-06-16,61.29,11,2,9.720260956
426,2022-06-16,1118.52,11,8,-57.06687237
877,2022-06-16,27.39,11,10,68.09948
332,2022-06-16,57.13,11,4,-17.25569182
160,2022-06-16,55.01,11,4,-32.73565856
2,2022-06-16,244.97,11,4,-31.89272564
636,2022-06-16,161.63,11,9,-40.01967831
232,2022-06-16,121.08,11,8,-51.96476618
1663,2022-06-16,116.67,11,10,48.49658942
535,2022-06-16,254.73,11,8,-11.80840172
1108,2022-06-16,50.46,11,7,-11.51024381
118,2022-06-16,58.61,11,7,-31.73895157
725,2022-06-16,387.12,11,4,-13.45011836
331,2022-06-16,87.89,11,7,-12.26840738
278,2022-06-16,253.64,11,2,-1.547271454
88,2022-06-16,73.95,11,2,-28.56786812
588,2022-06-16,50.94,11,1,-10.43863732
276,2022-06-16,197,11,4,-33.31069281
357,2022-06-16,385.76,11,2,-32.85858879
558,2022-06-16,148.55,11,2,13.76624838
718,2022-06-16,63.29,11,4,-27.35895541
67,2022-06-16,173.35,11,3,-35.63834907
1530,2022-06-16,17.86,11,10,-27.46685618
335,2022-06-16,64.71,11,1,-4.071167043
3214,2022-06-16,15.65,11,3,-22.31820101
1395,2022-06-16,15.42,11,3,-33.84967472
55,2022-06-16,70.87,11,11,-18.36219155
82,2022-06-16,107.12,11,10,40.32646337
986,2022-06-16,27.17,11,11,-25.14113307
915,2022-06-16,196.46,11,5,-9.802649376
204,2022-06-16,222.79,11,5,-26.53216821
675,2022-06-16,91.46,11,2,-70.67133509
132,2022-06-16,449.02,11,5,-24.17493069
1441,2022-06-16,10.38,11,10,-16.99090827
982,2022-06-16,36.86,11,11,-5.782677913
306,2022-06-16,112.57,11,1,-18.7327149
15,2022-06-16,156.01,11,4,11.3752192
822,2022-06-16,3670,11,10,-27.24204849
288,2022-06-16,158.32,23,4,2.586094216
199,2022-06-16,56.81,11,6,-36.28859466
422,2022-06-16,234.95,11,5,-22.56743493
731,2022-06-16,62.03,11,3,-46.32885195
409,2022-06-16,67.09,11,4,2192600064
453,2022-06-16,55.73,11,6,19.45426964
84,2022-06-16,68.71,11,4,-5.782677913
207,2022-06-16,585,11,10,-0.40158585
1465,2022-06-16,32.81,11,8,-22.12464363
402,2022-06-16,67.95,11,5,-45.02088119
389,2022-06-16,81.57,11,5,-13.35310662
932,2022-06-16,141.45,11,1,-22.53101481
1019,2022-06-16,24.25,11,3,-26.63548101
311,2022-06-16,240.54,11,5,7.583939818
300,2022-06-16,113.81,11,4,-32.95828882
663,2022-06-16,259.97,11,4,101.0289158
94,2022-06-16,71.23,11,4,-12.03228433
1357,2022-06-16,44.02,14,5,-7.371400422
26,2022-06-16,157.03,11,7,-32.92452551
653,2022-06-16,137.54,11,8,-7.560225916
23,2022-06-16,47.48,11,8,-14.90537406
487,2022-06-16,14.93,11,11,5393999872
60,2022-06-16,98.27,11,7,-62.26224988
217,2022-06-16,96.5,11,6,42.57463845
1256,2022-06-16,67.48,11,11,-26.68937817
158,2022-06-16,241.5,11,6,-35.3679551
148,2022-06-16,151.48,11,2,-38.79473094
900,2022-06-16,332.18,11,10,-21.28068774
431,2022-06-16,108.5,11,1,5393999872
606,2022-06-16,25.74,11,11,6.967984293
559,2022-06-16,62.84,11,2,9.856303945
14,2022-06-16,133.32,11,7,-20.89206801
139,2022-06-16,110.21,11,2,-4.322615523
95,2022-06-16,111.79,11,9,-34.90497423
291,2022-06-16,91.33,11,2,38.88449004
868,2022-06-16,100.28,11,4,-23.87959758
416,2022-06-16,59,11,11,-1.48408907
239,2022-06-16,300.79,11,9,1.199729882
1112,2022-06-16,36.27,11,10,-17.13756797
1096,2022-06-16,93.12,11,4,-16.33751336
62,2022-06-16,120.82,11,4,-12.51205851
576,2022-06-16,114.73,11,5,-39.52223513
671,2022-06-16,127.98,11,8,-17.99783451
2144,2022-06-16,87.14,11,10,-36.95328052
569,2022-06-16,86.49,11,2,-32.36337088
61,2022-06-16,89.52,11,5,-3.02728619
310,2022-06-16,64.23,11,9,-20.51668219
1025,2022-06-16,57.09,11,9,-13.58773499
125,2022-06-16,556.75,11,8,-13.19251931
585,2022-06-16,18.55,11,2,-8.607614953
413,2022-06-16,121.76,11,5,9.495662051
349,2022-06-16,196.23,11,8,-31.54354064
1199,2022-06-16,78.32,11,5,-16.11153743
428,2022-06-16,198.01,11,5,3.153581073
1110,2022-06-16,32.02,11,5,-24.84363739
270,2022-06-16,372.29,11,4,-22.90842552
386,2022-06-16,73.61,11,10,-12.01181588
941,2022-06-16,35.16,11,10,8.764638916
90,2022-06-16,316.03,11,2,30.47353417
50,2022-06-16,159.85,11,4,-9.161606758
435,2022-06-16,290.87,11,9,-18.66904906
135,2022-06-16,38.48,11,6,-32.13354601
905,2022-06-16,70.82,11,4,-29.705409
1337,2022-06-16,56.67,11,1,-26.60636968
237,2022-06-16,141.96,11,11,-31.35015498
134,2022-06-16,428.08,11,4,-34.87852315
201,2022-06-16,218.95,11,1,-42.69238647
1076,2022-06-16,167.55,11,2,-11.87038835
342,2022-06-16,94.62,11,9,-21.14384116
764,2022-06-16,89.75,11,4,-35.83844679
917,2022-06-16,191.82,11,5,-48.89535133
909,2022-06-16,253.98,35,4,-22.37240001
144,2022-06-16,66.28,11,11,-36.84813164
1695,2022-06-16,34.98,11,5,6.328154479
906,2022-06-16,101.7,11,5,-44.70512457
97,2022-06-16,70.95,11,10,-14.2144132
468,2022-06-16,62.33,11,2,12.14008104
643,2022-06-16,195.07,11,8,-13.50848258
133,2022-06-16,195.7,11,8,-10.36526868
763,2022-06-16,389.13,11,2,-2.192732444
680,2022-06-16,28.92,11,2,-38.10270572
233,2022-06-16,289.49,11,4,-33.43727501
266,2022-06-16,78.44,11,7,-11.51447695
497,2022-06-16,106.09,11,2,-35.88811947
571,2022-06-16,124.9,11,3,-18.50925971
1220,2022-06-16,30.52,11,10,-24.89053194
708,2022-06-16,72.19,11,6,5360099840
129,2022-06-16,142.89,11,10,-17.9729176
296,2022-06-16,112.87,11,4,-15.18673952
661,2022-06-16,352.61,11,4,-36.77728584
1057,2022-06-16,249.44,11,8,-38.60529257
827,2022-06-16,86.95,11,4,-21.77319965
6,2022-06-16,639.3,11,10,-21.38767184
51,2022-06-16,151.37,11,4,-23.55935889
766,2022-06-16,57.93,11,5,-22.07443799
31,2022-06-16,504.89,11,8,-43.2314034
130,2022-06-16,56.74,11,10,7.224604171
103,2022-06-16,124.28,11,3,-27.69480285
495,2022-06-16,190.64,11,10,-18.43773608
323,2022-06-16,121.93,26,5,-31.02964662
410,2022-06-16,513.69,11,5,-46.25060917
255,2022-06-16,161.38,11,2,-28.91533898
745,2022-06-16,56.05,11,4,5360099840
178,2022-06-16,45.84,11,2,-42.96706424
752,2022-06-16,303.39,11,4,3.068499662
597,2022-06-16,82.55,11,7,-44.95959109
817,2022-06-16,42.77,11,9,-39.13462028
577,2022-06-16,390.47,11,10,0.659279161
73,2022-06-16,208.19,11,5,-21.16000417
2258,2022-06-16,34.78,11,5,-17.40560647
71,2022-06-16,172.19,11,5,-13.37815978
564,2022-06-16,245.54,11,5,-39.73301833
7,2022-06-16,456.09,11,8,-33.87990863
1493,2022-06-16,101.47,11,8,-10.91669163
184,2022-06-16,45.41,11,2,-3.264874867
194,2022-06-16,118.74,11,6,-13.1585532
710,2022-06-16,48.87,11,9,76.08846303
627,2022-06-16,156.51,11,4,-20.67491604
437,2022-06-16,158.58,11,5,-6.846861402
56,2022-06-16,48.84,11,3,-34.76575704
120,2022-06-16,250.96,11,8,-19.61750251
1013,2022-06-16,44.5,11,10,1.376012568
892,2022-06-16,10.28,11,8,1.05699448
394,2022-06-16,28.76,11,9,-14.86521952
13,2022-06-16,189.05,11,4,-26.1973764
2004,2022-06-16,27.86,11,9,-27.24094219
560,2022-06-16,144.93,11,1,-15.89129936
719,2022-06-16,66.3,11,2,-36.61848822
461,2022-06-16,39.67,11,7,18.03772447
30,2022-06-16,120.62,11,7,-15.21573515
36,2022-06-16,94.28,11,3,-20.08320063
387,2022-06-16,13.65,11,3,-37.30355712
146,2022-06-16,142.34,11,5,21.27970351
631,2022-06-16,318.09,11,8,-5.181525084
420,2022-06-16,91.21,11,11,7.068810023
40,2022-06-16,37.65,11,2,-29.18139038
444,2022-06-16,77.7,11,9,-11.49397789
628,2022-06-16,282.69,11,8,-13.56192126
934,2022-06-16,46.35,11,4,-19.56141358
703,2022-06-16,84.1,11,5,-30.56039246
1150,2022-06-16,41.29,11,1,
513,2022-06-16,32.77,11,9,-5.855120192
1267,2022-06-16,147.45,11,10,-29.09513042
286,2022-06-16,30.45,11,6,-17.69007165
485,2022-06-16,190.83,14,2,-9.137908896
476,2022-06-16,455.69,11,5,-8.322453202
1510,2022-06-16,54.49,11,10,-24.3899584
336,2022-06-16,64.95,11,11,-5.158364383
635,2022-06-16,73.07,11,5,-5.624852635
371,2022-06-16,109.14,11,10,-7.335263634
749,2022-06-16,292.12,11,4,-36.93676038
505,2022-06-16,103.24,11,8,-13.45457575
1248,2022-06-16,51.69,11,2,19.42116465
152,2022-06-16,157.39,11,8,-17.59821563
145,2022-07-27,138.86,11,5,-16.7407449
1389,2022-07-27,60.54,11,5,-19.51390648
42,2022-07-27,109.99,11,8,-7.909649487
21,2022-07-27,151.15,11,8,13.20145764
886,2022-07-27,285.18,11,8,2.841689589
37,2022-07-27,297.53,26,4,-10.16320237
198,2022-07-27,79.79,11,3,1.728895182
54,2022-07-27,392.78,11,4,-20.33667813
949,2022-07-27,185.91,11,10,-16.06450932
96,2022-07-27,89.82,11,4,-12.45613935
673,2022-07-27,20.35,11,11,-6.439183844
303,2022-07-27,56,11,2,-8.320044586
272,2022-07-27,127.71,11,8,-2.994725189
186,2022-07-27,237.89,11,1,-12.61735432
762,2022-07-27,93.65,11,4,-15.01043702
4151,2022-07-27,43.79,11,5,-16.74904527
367,2022-07-27,234.29,11,1,14.46469309
536,2022-07-27,158.27,11,9,-13.51183436
694,2022-07-27,262.61,11,8,-42.3620587
1155,2022-07-27,104.19,26,5,-12.87947155
826,2022-07-27,58.71,11,11,1.07967653
337,2022-07-27,116.98,11,2,-1.432794598
4,2022-07-27,113.6,11,3,-12.02051057
5,2022-07-27,113.06,11,3,-12.35999126
114,2022-07-27,44.07,11,7,-9.223255885
3,2022-07-27,120.97,11,10,-13.36854078
641,2022-07-27,12.88,14,1,11.29308925
567,2022-07-27,89.39,11,11,4.909116127
3004,2022-07-27,13.97,11,5,-11.47021227
242,2022-07-27,96.29,11,11,9.496951227
123,2022-07-27,151.63,11,2,-11.208414
251,2022-07-27,52.52,11,2,-5.838783404
105,2022-07-27,258.28,11,9,10.50702244
460,2022-07-27,151.27,11,11,-2.312724433
384,2022-07-27,256.52,11,2,-14.83829285
491,2022-07-27,145.07,11,8,8.385001789
414,2022-07-27,118.6,11,5,-10.14655143
59,2022-07-27,251.72,11,8,14.24875761
252,2022-07-27,74.43,11,4,-0.222542733
128,2022-07-27,168.33,11,4,9.902187957
601,2022-07-27,265.12,11,4,-14.37245679
176,2022-07-27,286.06,11,2,9.647557604
709,2022-07-27,35.19,11,6,7.516789506
1,2022-07-27,156.79,11,4,-1.256337013
137,2022-07-27,103.46,11,4,-20.16985154
479,2022-07-27,100.29,26,10,-24.02847884
203,2022-07-27,80.45,11,7,9.485883451
440,2022-07-27,109.1,11,4,-7.479647076
294,2022-07-27,173.31,11,2,16.79329507
1172,2022-07-27,172.14,11,2,16.66639089
70,2022-07-27,18.39,11,3,3.825495442
743,2022-07-27,116.49,11,11,12.51201585
241,2022-07-27,203.41,11,4,-11.04259582
92,2022-07-27,234.04,11,4,20.32188088
228,2022-07-27,2132.67,11,10,11.79097376
478,2022-07-27,202.09,11,9,-13.56904804
742,2022-07-27,184.19,11,1,-5.411173964
439,2022-07-27,25.06,11,6,-7.136307655
683,2022-07-27,72.36,11,1,-22.62381827
25,2022-07-27,33.59,11,2,-25.3372194
381,2022-07-27,42.88,11,2,-24.87218413
1311,2022-07-27,34.14,11,10,-34.88523496
401,2022-07-27,66.8,11,8,-20.49782058
154,2022-07-27,244.34,11,8,0.442798304
10,2022-07-27,290.3,11,2,-5.645667396
804,2022-07-27,74.49,11,10,-20.78968447
269,2022-07-27,212.92,11,8,-2.749613687
1171,2022-07-27,546.69,11,8,-3.184157298
918,2022-07-27,374.44,11,8,5.991067644
109,2022-07-27,643.32,11,2,-17.18702932
111,2022-07-27,156.09,11,5,-17.73913236
136,2022-07-27,1877.58,11,10,-20.42972332
1131,2022-07-27,37.23,11,10,-13.67682035
961,2022-07-27,90,11,9,-17.02613395
173,2022-07-27,40.31,11,8,-6.754564423
49,2022-07-27,74.81,11,8,18.84071145
38,2022-07-27,527.79,11,4,-1.216353423
662,2022-07-27,158.2,11,4,6.335715507
724,2022-07-27,63.08,11,2,2.127180735
573,2022-07-27,72.42,11,7,10.19661577
246,2022-07-27,176.62,11,4,27.08303392
1153,2022-07-27,43.87,11,10,-37.68466196
851,2022-07-27,135.81,11,9,-8.629840375
973,2022-07-27,48.56,11,7,11.592045
295,2022-07-27,108.94,11,2,-22.41499953
565,2022-07-27,58.11,11,8,13.11194269
1094,2022-07-27,94.37,11,10,-10.58366313
1196,2022-07-27,8.85,11,10,-53.68916746
378,2022-07-27,39.54,11,5,-13.51340211
881,2022-07-27,109.41,11,8,12.93353299
91,2022-07-27,185.25,11,5,-11.65314162
799,2022-07-27,125.15,11,2,9.978900832
519,2022-07-27,82.78,11,9,-13.2012201
517,2022-07-27,174.8,11,4,-3.228868508
1034,2022-07-27,118.13,11,1,-25.04617709
248,2022-07-27,92.51,11,8,21.2927838
640,2022-07-27,30.55,11,11,12.94707783
1145,2022-07-27,54,11,4,-21.22538644
528,2022-07-27,94.63,11,1,39.50461765
861,2022-07-27,101.13,11,5,-0.610658381
970,2022-07-27,237.36,11,8,-23.98155008
87,2022-07-27,62.51,11,2,-29.94698899
327,2022-07-27,475.94,11,3,-15.16675087
12,2022-07-27,149.26,11,6,12.36842643
264,2022-07-27,1510,11,10,12.25597213
115,2022-07-27,187,16,2,-2.198391695
615,2022-07-27,94.46,11,7,-3.742711545
93,2022-07-27,274.73,11,8,21.90651497
700,2022-07-27,113.46,11,2,1.128181492
317,2022-07-27,409.23,11,5,8.894422267
45,2022-07-27,44.64,11,4,-16.96093155
112,2022-07-27,52.35,11,2,-16.89461963
579,2022-07-27,37.33,11,2,-26.67200887
646,2022-07-27,142.28,11,7,-12.62859096
159,2022-07-27,195.99,11,2,-11.37954843
685,2022-07-27,66.71,11,11,7.072705073
28,2022-07-27,63.01,11,7,7.217421863
363,2022-07-27,70.3,11,4,-13.44701069
165,2022-07-27,78.76,11,7,-3.619783653
57,2022-07-27,43.37,11,3,-8.539315629
1111,2022-07-27,78.07,11,2,-13.78521878
649,2022-07-27,33.38,11,7,-3.963411924
47,2022-07-27,93.27,11,6,6.104586195
380,2022-07-27,95.69,11,11,17.71193823
360,2022-07-27,245.32,11,7,5.156863825
406,2022-07-27,55.53,11,11,22.05761475
809,2022-07-27,318.56,11,8,-16.04101844
483,2022-07-27,122.83,11,5,1.086330073
475,2022-07-27,35.95,11,4,-10.10792112
234,2022-07-27,56.61,11,1,21.49733135
408,2022-07-27,80.17,11,5,556921024
29,2022-07-27,522.31,11,7,8.583797931
480,2022-07-27,30.06,11,6,49.30184764
191,2022-07-27,173.54,11,9,2.95837756
162,2022-07-27,31.83,11,5,-4.581728457
352,2022-07-27,209.17,11,5,-5.360051376
69,2022-07-27,95.87,11,8,-9.22361932
43,2022-07-27,280.05,11,8,3.92597339
657,2022-07-27,121.47,11,10,-8.544164118
1668,2022-07-27,86.92,11,8,-20.0735649
85,2022-07-27,325.71,11,5,-12.82044182
1624,2022-07-27,31.5,11,5,-17.84037591
1427,2022-07-27,36.49,11,8,-30.4208405
212,2022-07-27,59.58,11,6,19.12474938
282,2022-07-27,85.8,11,8,-10.51313568
424,2022-07-27,123.29,11,6,-1.386212483
415,2022-07-27,129.21,11,9,-9.351509333
447,2022-07-27,100.29,11,2,-10.57544543
2183,2022-07-27,18.48,11,3,-38.94945734
181,2022-07-27,244.45,11,10,19.60225691
366,2022-07-27,161.13,11,10,25.58846535
189,2022-07-27,79.2,11,11,2.919629728
895,2022-07-27,392.99,11,10,-7.989447881
612,2022-07-27,130.1,11,5,-22.35548737
329,2022-07-27,52.24,11,1,-11.28486302
506,2022-07-27,77.85,11,10,-6.800556971
613,2022-07-27,126.64,11,11,7.250539937
143,2022-07-27,106.52,11,11,5.139226109
443,2022-07-27,59.43,11,1,-21.59849332
1378,2022-07-27,31.69,11,4,9.313559104
1024,2022-07-27,94.99,11,1,-18.655266
179,2022-07-27,141.67,11,5,-7.825068187
530,2022-07-27,47.18,11,10,-16.06742672
284,2022-07-27,160.64,11,1,-11.89458351
542,2022-07-27,63.39,11,11,5.255100965
192,2022-07-27,105.61,11,8,3.579836758
313,2022-07-27,132.18,11,3,1.130460081
65,2022-07-27,468,11,8,7.96014955
17,2022-07-27,328.94,11,8,40.00656863
209,2022-07-27,86.36,11,5,-3.608682201
338,2022-07-27,254.77,11,4,112.3614251
550,2022-07-27,111.06,11,11,3.173665244
119,2022-07-27,108.19,11,6,2.204439727
609,2022-07-27,325.63,11,4,-24.86790749
798,2022-07-27,43.94,11,6,1663926016
586,2022-07-27,198.39,11,5,-11.45388766
216,2022-07-27,652.21,11,9,-3.640612195
494,2022-07-27,75.71,11,9,-11.26683576
715,2022-07-27,277.3,11,9,-12.27140914
258,2022-07-27,263.42,11,7,-11.27298829
815,2022-07-27,95.5,11,10,-31.56083948
922,2022-07-27,271.12,47,2,-1.320567147
781,2022-07-27,66.4,11,11,6.664270253
456,2022-07-27,85.21,11,11,0.882481045
305,2022-07-27,44.46,11,11,12.81419035
730,2022-07-27,103.76,11,10,-39.40313921
686,2022-07-27,100.57,11,5,-8.632872523
520,2022-07-27,181.01,11,9,-3.250610297
9,2022-07-27,91.57,11,6,24.51299183
1109,2022-07-27,164.7,11,4,-18.50972418
693,2022-07-27,408.81,11,2,0.917752161
430,2022-07-27,48.28,11,5,-10.3939595
1261,2022-07-27,102.48,11,9,-14.67785158
290,2022-07-27,227.63,11,5,-5.135479591
223,2022-07-27,98.43,11,4,-9.000428004
490,2022-07-27,33.74,11,2,-22.52662115
556,2022-07-27,157.82,11,2,-3.443525682
566,2022-07-27,39.33,11,11,-2.895423962
175,2022-07-27,104.46,11,4,4.168329035
797,2022-07-27,221.32,11,4,-0.793396855
721,2022-07-27,109.76,11,1,2.449661634
214,2022-07-27,13.19,11,10,-31.74025587
293,2022-07-27,57.93,11,4,7.389144377
518,2022-07-27,59.5,11,5,-13.14665714
1260,2022-07-27,66.96,11,5,-25.61001513
1068,2022-07-27,32.1,11,3,-7.72728763
2036,2022-07-27,34.67,11,3,-8.832242287
1372,2022-07-27,25.43,11,2,-16.98078197
236,2022-07-27,29.29,11,1,-20.33820633
807,2022-07-27,93.56,16,10,-20.18017283
500,2022-07-27,260.85,11,4,-5.891473773
1294,2022-07-27,245.14,11,5,-4.611070974
171,2022-07-27,219.85,11,5,6.439474082
116,2022-07-27,71.58,11,5,-20.20802089
231,2022-07-27,73.82,11,7,9.570639157
224,2022-07-27,34.68,11,10,-32.59475259
499,2022-07-27,146.37,11,10,14.24481263
107,2022-07-27,60.9,11,8,-7.174864009
356,2022-07-27,120.32,11,4,-14.34199322
962,2022-07-27,101.34,11,2,0.652060331
78,2022-07-27,324.54,11,2,-3.669569118
396,2022-07-27,28.89,11,6,-5.663686522
512,2022-07-27,64.34,11,2,-6.912805691
1125,2022-07-27,78.65,11,10,-9.734254541
229,2022-07-27,204.66,11,8,-10.10600209
855,2022-07-27,26.9,11,9,-20.16131625
1017,2022-07-27,77.74,11,8,3.972183167
334,2022-07-27,218.23,11,7,13.27165055
279,2022-07-27,106.67,11,6,19.78955552
622,2022-07-27,13.99,11,4,-10.11096315
316,2022-07-27,129.25,11,10,-5.72676958
689,2022-07-27,70.94,11,8,4.200940854
18,2022-07-27,298.91,11,10,-15.09612089
64,2022-07-27,183.66,11,5,-7.508056122
801,2022-07-27,48.26,11,7,4.284072848
816,2022-07-27,17.59,11,9,6.593135926
783,2022-07-27,35.17,11,5,14.92003459
457,2022-07-27,32.62,11,4,-6.113256495
150,2022-07-27,478.35,11,8,25.31344605
541,2022-07-27,13.09,11,2,-11.04459442
974,2022-07-27,210.37,11,5,12.95646843
690,2022-07-27,199.72,11,5,-3.661770552
399,2022-07-27,385.96,11,8,-18.06911725
185,2022-07-27,197.82,11,5,-13.1340569
324,2022-07-27,207.17,11,8,-36.12960676
780,2022-07-27,80.68,11,8,12.69731028
584,2022-07-27,46.86,11,5,-14.46001442
79,2022-07-27,40.18,11,4,-15.05348924
197,2022-07-27,97.51,11,2,-19.78215933
74,2022-07-27,129.12,11,4,-0.158375427
477,2022-07-27,121.26,11,1,-6.913614534
840,2022-07-27,42.62,11,1,-6.323805914
911,2022-07-27,29.52,11,3,-10.81007162
77,2022-07-27,433.16,11,4,-15.99413619
121,2022-07-27,225.34,11,8,-14.24439405
1356,2022-07-27,16.67,11,2,-21.36586827
562,2022-07-27,30.11,11,9,568675008
343,2022-07-27,225.13,11,8,-2.961204792
753,2022-07-27,47.05,11,9,10.58015542
727,2022-07-27,129.43,11,7,-5.54630888
758,2022-07-27,202.76,11,4,29.6493196
726,2022-07-27,119.37,11,5,3827092992
744,2022-07-27,171.55,11,5,-8.402902702
8,2022-07-27,173.2,11,8,2.832309872
289,2022-07-27,51.71,11,5,-26.80490839
11,2022-07-27,115.24,11,2,-19.38945078
1067,2022-07-27,27.71,11,4,-10.73748322
596,2022-07-27,72.21,11,7,12.7374617
351,2022-07-27,37.11,11,7,-0.289420248
652,2022-07-27,18.02,11,2,-26.46818922
379,2022-07-27,155.6,11,4,-3.42601116
277,2022-07-27,132.05,11,7,-2.207643192
854,2022-07-27,21.5,11,9,-6.555819926
322,2022-07-27,18.06,11,6,6.544384468
243,2022-07-27,361.14,11,4,0.413871426
407,2022-07-27,36.34,11,7,2.863719983
404,2022-07-27,45.94,11,7,2.048227381
219,2022-07-27,223.9,11,5,4.468360814
563,2022-07-27,249.47,11,8,-5.840197133
200,2022-07-27,467.66,11,4,-15.24010049
874,2022-07-27,77.14,11,7,22.24333316
898,2022-07-27,38.97,11,10,-7.39068554
792,2022-07-27,103.25,11,5,17.34798037
603,2022-07-27,83.58,11,10,-8.007536078
1177,2022-07-27,50.32,11,2,-25.23512157
52,2022-07-27,290.45,14,1,-5.998738942
859,2022-07-27,93.34,11,3,-8.166079399
741,2022-07-27,53.67,11,10,1.142029849
72,2022-07-27,398.54,11,5,3.748417282
888,2022-07-27,58.01,11,2,-0.246789108
75,2022-07-27,189.92,11,10,-15.13795727
1323,2022-07-27,10.97,11,3,-3.608384307
547,2022-07-27,88.4,11,1,-1.148482223
398,2022-07-27,172.98,11,2,3.799036854
549,2022-07-27,23.88,11,6,21.05276287
164,2022-07-27,89.98,11,6,26.82132013
1092,2022-07-27,258.23,11,2,-21.42120795
240,2022-07-27,157.6,11,10,2.7155929
122,2022-07-27,158.11,11,2,8.071155791
574,2022-07-27,336.03,11,1,-9.602070436
920,2022-07-27,53.92,11,5,-11.53596412
22,2022-07-27,343.27,11,4,-1.785594072
850,2022-07-27,71.96,11,3,-32.43192574
604,2022-07-27,85.4,11,7,-12.32603528
34,2022-07-27,258.89,11,10,5.248950387
190,2022-07-27,339.62,11,8,33.55035964
81,2022-07-27,93.22,26,8,-8.420866122
24,2022-07-27,91.23,11,8,15.15373912
16,2022-07-27,169.58,11,3,-42.44501989
254,2022-07-27,62.25,11,2,-3.289933372
426,2022-07-27,1273.56,11,8,-8.80016448
877,2022-07-27,31.41,11,10,-22.66312872
332,2022-07-27,66.67,11,4,-5.4269056
160,2022-07-27,61.89,11,4,-21.11749964
2,2022-07-27,268.74,11,4,-9.967496139
636,2022-07-27,176,11,9,-9.10339184
232,2022-07-27,158.02,11,8,6.324861704
1663,2022-07-27,135.34,11,10,-10.28174288
535,2022-07-27,305.85,11,8,10.87547556
1108,2022-07-27,58.92,11,7,24.12377175
118,2022-07-27,63.63,11,7,-4.630466294
725,2022-07-27,451.01,11,4,25.32286204
331,2022-07-27,97.39,11,7,17.09751297
278,2022-07-27,293.62,11,2,-9.491053091
88,2022-07-27,82.51,11,2,-17.17780826
588,2022-07-27,51.12,11,1,30.05291867
276,2022-07-27,230.25,11,4,3.984693994
357,2022-07-27,452.97,11,2,-7.465999356
558,2022-07-27,173.99,11,2,1.700434634
718,2022-07-27,70.57,11,4,-14.6298713
67,2022-07-27,226.75,11,3,-41.3628154
1530,2022-07-27,20.09,11,10,-11.46828993
335,2022-07-27,45.61,11,1,-23.64686403
3214,2022-07-27,17.22,11,3,-17.77416326
1395,2022-07-27,17.05,11,3,-18.73432196
55,2022-07-27,80.38,11,11,12.06734997
82,2022-07-27,107.86,11,10,-25.06678698
986,2022-07-27,29.31,11,11,6.472124676
915,2022-07-27,221.78,11,5,-0.471962298
204,2022-07-27,243.24,11,5,-8.984978646
675,2022-07-27,96.96,11,2,-14.37638306
132,2022-07-27,445.81,11,5,20.10029417
1441,2022-07-27,11.5,11,10,-42.0654923
982,2022-07-27,36.48,11,11,-4.623894719
306,2022-07-27,127.33,11,1,32.68259541
15,2022-07-27,177.9,11,4,-18.89922774
822,2022-07-27,4372.53,11,10,-13.52211164
288,2022-07-27,181.42,23,4,-2.51745878
199,2022-07-27,62.78,11,6,69.2094419
422,2022-07-27,273.48,11,5,-4.167222307
731,2022-07-27,69.03,11,3,-4.002558262
409,2022-07-27,62.51,11,4,16.47102749
453,2022-07-27,60.29,11,6,3.282243308
84,2022-07-27,75.87,11,4,-4.100887568
207,2022-07-27,689.4,11,10,8.623385851
1465,2022-07-27,32.64,11,8,7.96995096
402,2022-07-27,76.44,11,5,-6.806636083
389,2022-07-27,89.07,11,5,-3.718043042
932,2022-07-27,139.33,11,1,-1.425951235
1019,2022-07-27,24.53,11,3,-20.63728566
311,2022-07-27,277.05,11,5,-9.483284311
300,2022-07-27,125.41,11,4,13.77288281
663,2022-07-27,320.2,11,4,6.385806538
94,2022-07-27,86.42,11,4,-45.34185198
1357,2022-07-27,49.37,14,5,-18.93077095
26,2022-07-27,171.59,11,7,2.681381992
653,2022-07-27,150.69,11,8,-7.947839203
23,2022-07-27,51.95,11,8,-1.887977124
487,2022-07-27,14.93,11,11,5393999872
60,2022-07-27,96.96,11,7,-2.657700382
217,2022-07-27,88.34,11,6,5.1257007
1256,2022-07-27,72.07,11,11,5.5942362
158,2022-07-27,226.54,11,6,10.51868248
148,2022-07-27,163,11,2,-19.04291745
900,2022-07-27,355.11,11,10,-21.06316382
431,2022-07-27,126.93,11,1,-16.53706485
606,2022-07-27,28.08,11,11,-2.754974954
559,2022-07-27,64.89,11,2,-8.709784303
14,2022-07-27,145.64,11,7,-7.366186484
139,2022-07-27,113.12,11,2,5.268589284
95,2022-07-27,127.39,11,9,-13.25534385
291,2022-07-27,97.64,11,2,-9.755636117
868,2022-07-27,117.34,11,4,6.886498126
416,2022-07-27,61.9,11,11,-3.807561462
239,2022-07-27,326.28,11,9,-4.603250516
1112,2022-07-27,43.66,11,10,-12.08530575
1096,2022-07-27,104.1,11,4,-18.49358168
62,2022-07-27,153.42,11,4,-3.932087963
576,2022-07-27,133.97,11,5,38.41970384
671,2022-07-27,134.3,11,8,0.40712784
2144,2022-07-27,95.24,11,10,-9.862125476
569,2022-07-27,95.87,11,2,-4.33563564
61,2022-07-27,90.27,11,5,2.275490624
310,2022-07-27,71.87,11,9,8.382971663
1025,2022-07-27,62.86,11,9,-8.036033792
125,2022-07-27,587.91,11,8,-3.418648732
585,2022-07-27,21.17,11,2,-6.157727076
413,2022-07-27,132.94,11,5,8.318177862
349,2022-07-27,240.16,11,8,7.206619334
1199,2022-07-27,77.65,11,5,-29.43686369
428,2022-07-27,240.46,11,5,-15.3981206
1110,2022-07-27,35.36,11,5,22.81095949
270,2022-07-27,418.29,11,4,-0.945920691
386,2022-07-27,80.27,11,10,-14.75996817
941,2022-07-27,34.91,11,10,-54.04765133
90,2022-07-27,360.92,11,2,-8.252913432
50,2022-07-27,180.3,11,4,-15.24866109
435,2022-07-27,320.46,11,9,5.128849713
135,2022-07-27,36.33,11,6,-5.853010285
905,2022-07-27,78.68,11,4,-22.78041556
1337,2022-07-27,60.37,11,1,-8.733394756
237,2022-07-27,159.95,11,11,19.41289429
134,2022-07-27,448.6,11,4,-15.14876316
201,2022-07-27,231.97,11,1,-17.7071862
1076,2022-07-27,180.51,11,2,-38.9800808
342,2022-07-27,104.12,11,9,-25.58396871
764,2022-07-27,107.04,11,4,-21.3196908
917,2022-07-27,219.27,11,5,8.357221558
909,2022-07-27,325.19,35,4,54.98522118
144,2022-07-27,73.26,11,11,9.806880656
1695,2022-07-27,40.77,11,5,-4.787480737
906,2022-07-27,117.45,11,5,-30.77803989
97,2022-07-27,82.96,11,10,-11.90615807
468,2022-07-27,68.91,11,2,-24.82586767
643,2022-07-27,221.53,11,8,3.363726912
133,2022-07-27,211.8,11,8,-13.14272888
763,2022-07-27,379.43,11,2,-30.08991423
680,2022-07-27,32.58,11,2,-25.85282493
233,2022-07-27,353.54,11,4,23.89263621
266,2022-07-27,86.37,11,7,13.97032019
497,2022-07-27,120.44,11,2,-18.018439
571,2022-07-27,130.58,11,3,-16.96025321
1220,2022-07-27,33.73,11,10,-7.76252283
708,2022-07-27,72.19,11,6,5360099840
129,2022-07-27,154.6,11,10,-26.51488003
296,2022-07-27,127.83,11,4,-6.127734464
661,2022-07-27,372.01,11,4,-6.391382618
1057,2022-07-27,266.53,11,8,-9.624211651
827,2022-07-27,97.94,11,4,-11.77490808
6,2022-07-27,824.46,11,10,-0.559637408
51,2022-07-27,171.54,11,4,-0.555786724
766,2022-07-27,65.2,11,5,-2.118138893
31,2022-07-27,581.93,11,8,5.210259609
130,2022-07-27,60.8,11,10,-11.88087298
103,2022-07-27,140.91,11,3,32.89635507
495,2022-07-27,186.93,11,10,-9.79766065
323,2022-07-27,141.87,26,5,-15.38542185
410,2022-07-27,599.67,11,5,0.974940725
255,2022-07-27,158.96,11,2,-3.028767708
745,2022-07-27,65.84,11,4,-1.921646013
178,2022-07-27,49.55,11,2,-18.53711001
752,2022-07-27,374.34,11,4,-13.5872609
597,2022-07-27,85.68,11,7,-3.857629233
817,2022-07-27,46.5,11,9,-13.57315361
577,2022-07-27,395.44,11,10,12.47511734
73,2022-07-27,219.89,11,5,-9.140230941
2258,2022-07-27,36.42,11,5,-11.01881774
71,2022-07-27,183.9,11,5,-4.113035213
564,2022-07-27,287.23,11,5,-10.18448344
7,2022-07-27,534.61,11,8,16.58475566
1493,2022-07-27,109.27,11,8,-13.35484524
184,2022-07-27,48.21,11,2,-14.52515395
194,2022-07-27,111.5,11,6,38.66711502
710,2022-07-27,52.33,11,9,4.178098884
627,2022-07-27,181.39,11,4,-12.55784938
437,2022-07-27,184.53,11,5,-1.646440114
56,2022-07-27,44.91,11,3,-10.08127439
120,2022-07-27,286.99,11,8,25.75146293
1013,2022-07-27,46.86,11,10,-29.0477503
892,2022-07-27,10.07,11,8,-29.68362305
394,2022-07-27,33.5,11,9,24.54347739
13,2022-07-27,210.47,11,4,2.462984148
2004,2022-07-27,29.29,11,9,-23.69733806
560,2022-07-27,160.6,11,1,-11.93388257
719,2022-07-27,63.65,11,2,18.58542379
461,2022-07-27,39.22,11,7,-19.82812305
30,2022-07-27,126.59,11,7,-6.106611219
36,2022-07-27,103.5,11,3,-23.57111106
387,2022-07-27,15.15,11,3,
146,2022-07-27,159.3,11,5,9.827421769
631,2022-07-27,355.33,11,8,15.91634914
420,2022-07-27,100.47,11,11,7.246472415
40,2022-07-27,43.71,11,2,-17.8695848
444,2022-07-27,84.53,11,9,2.782636768
628,2022-07-27,320.52,11,8,-16.41020192
934,2022-07-27,48.43,11,4,-10.04829092
703,2022-07-27,91.85,11,5,5.551144548
1150,2022-07-27,41.75,11,1,-3.824840045
513,2022-07-27,35.76,11,9,-1.220993193
1267,2022-07-27,169.09,11,10,-13.76644337
286,2022-07-27,33.79,11,6,17.94616446
485,2022-07-27,203.19,14,2,-8.192893472
476,2022-07-27,487.61,11,5,1.968512555
1510,2022-07-27,63.29,11,10,-23.51661521
336,2022-07-27,70.25,11,11,3.37419139
635,2022-07-27,87.24,11,5,-12.52343794
371,2022-07-27,120.51,11,10,1.529209654
749,2022-07-27,338.49,11,4,-28.47241672
505,2022-07-27,111.11,11,8,-5.143929272
1248,2022-07-27,53.55,11,2,-19.07562225
152,2022-07-27,177.47,11,8,-5.0916714
145,2022-09-21,114.81,11,5,-21.14408232
1389,2022-09-21,51.06,11,5,-24.1249876
42,2022-09-21,100.65,11,8,-16.64323855
21,2022-09-21,140.31,11,8,-10.72704786
886,2022-09-21,252.81,11,8,-17.58166343
37,2022-09-21,265.42,26,4,-17.67041065
198,2022-09-21,75.32,11,3,-3.897075709
54,2022-09-21,286.3,11,4,-36.88132673
949,2022-09-21,165.5,11,10,-18.1069678
96,2022-09-21,74.48,11,4,-35.74878836
673,2022-09-21,25.4,11,11,9.764521988
303,2022-09-21,59.79,11,2,-4.418226629
272,2022-09-21,126.48,11,8,-8.136538978
186,2022-09-21,241.46,11,1,4.467284827
762,2022-09-21,83.8,11,4,-27.74616259
4151,2022-09-21,43.49,11,5,-19.07331537
367,2022-09-21,285.03,11,1,43.89417553
536,2022-09-21,141.24,11,9,-26.00836855
694,2022-09-21,226.68,11,8,-47.58480541
1155,2022-09-21,91.13,26,5,-21.6172159
826,2022-09-21,60.29,11,11,0.33358695
337,2022-09-21,127.85,11,2,-3.698809829
4,2022-09-21,100.01,11,3,-26.72105726
5,2022-09-21,99.28,11,3,-27.05444267
114,2022-09-21,43.01,11,7,-12.72391139
3,2022-09-21,118.54,11,10,-26.59675569
641,2022-09-21,11.22,14,1,-0.207743915
567,2022-09-21,90.46,11,11,2.405385053
3004,2022-09-21,13.23,11,5,-17.77501916
242,2022-09-21,98.57,11,11,5.725741335
123,2022-09-21,148.71,11,2,-20.83482694
251,2022-09-21,52.29,11,2,-14.2821338
105,2022-09-21,234.15,11,9,-1.977229326
460,2022-09-21,144.32,11,11,-7.279525367
384,2022-09-21,269.87,11,2,-8.852278353
491,2022-09-21,139.12,11,8,-8.627063036
414,2022-09-21,117.56,11,5,-12.40040969
59,2022-09-21,224.46,11,8,-3.521835365
252,2022-09-21,71.81,11,4,-5.016133254
128,2022-09-21,148.44,11,4,-8.754376607
601,2022-09-21,235.42,11,4,-24.21696353
176,2022-09-21,272.99,11,2,-13.79455098
709,2022-09-21,38.43,11,6,-5.360597925
1,2022-09-21,153.72,11,4,-6.785020454
137,2022-09-21,87.09,11,4,-34.78218392
479,2022-09-21,90.85,26,10,-21.80910873
203,2022-09-21,86,11,7,-0.427671414
440,2022-09-21,113.82,11,4,-13.74005129
294,2022-09-21,174.32,11,2,5.240643642
1172,2022-09-21,147.99,11,2,-16.28128778
70,2022-09-21,16.25,11,3,-4.453583501
743,2022-09-21,112.63,11,11,-1.103251922
241,2022-09-21,192.42,11,4,-9.398251368
92,2022-09-21,230.42,11,4,9.408657444
228,2022-09-21,2104.02,11,10,8.527927782
478,2022-09-21,188.97,11,9,-21.6956798
742,2022-09-21,172.94,11,1,2.126511561
439,2022-09-21,23.02,11,6,-35.66261096
683,2022-09-21,53.9,11,1,-42.03273262
25,2022-09-21,33.15,11,2,-21.66472843
381,2022-09-21,42.3,11,2,-17.57589061
1311,2022-09-21,37.01,11,10,-24.1866372
401,2022-09-21,55.47,11,8,-29.19527568
154,2022-09-21,238.01,11,8,-8.154192997
10,2022-09-21,270.74,11,2,-22.57050066
804,2022-09-21,69.98,11,10,-26.93545681
269,2022-09-21,199.34,11,8,-3.612011658
1171,2022-09-21,430.97,11,8,-25.69226254
918,2022-09-21,296.25,11,8,-32.2842075
109,2022-09-21,608.09,11,2,-15.91713266
111,2022-09-21,143.29,11,5,-22.92092631
136,2022-09-21,1806.7,11,10,-16.41027112
1131,2022-09-21,35.19,11,10,-7.509853247
961,2022-09-21,77.47,11,9,-37.13652047
173,2022-09-21,39.76,11,8,-10.28881183
49,2022-09-21,69.46,11,8,-0.824319742
38,2022-09-21,482.14,11,4,-18.47571511
662,2022-09-21,159.96,11,4,6.225547194
724,2022-09-21,60.4,11,2,-12.81692416
573,2022-09-21,70.8,11,7,9.622867203
246,2022-09-21,166.04,11,4,5.623407449
1153,2022-09-21,41.54,11,10,-47.07605804
851,2022-09-21,122.45,11,9,-24.82545903
973,2022-09-21,48.53,11,7,16.09220324
295,2022-09-21,99.49,11,2,-25.19573063
565,2022-09-21,67.52,11,8,19.35820215
1094,2022-09-21,81.06,11,10,-20.98645048
1196,2022-09-21,9.71,11,10,-48.75989632
378,2022-09-21,37.51,11,5,-20.35560704
881,2022-09-21,83.15,11,8,-22.84494375
91,2022-09-21,171.95,11,5,-22.22614618
799,2022-09-21,118.07,11,2,2.637541109
519,2022-09-21,73.01,11,9,-19.12041115
517,2022-09-21,165.4,11,4,-6.946334479
1034,2022-09-21,97.3,11,1,-31.09704402
248,2022-09-21,80.91,11,8,-6.731984251
640,2022-09-21,31.95,11,11,9.619874105
1145,2022-09-21,57.34,11,4,-14.90056027
528,2022-09-21,101.7,11,1,1.157227668
861,2022-09-21,101.47,11,5,-2.690059609
970,2022-09-21,190.81,11,8,-33.42520941
87,2022-09-21,72.91,11,2,-17.58653665
327,2022-09-21,353.03,11,3,-37.60185471
12,2022-09-21,155.01,11,6,-4.20576787
264,2022-09-21,1665.28,11,10,8.120325899
115,2022-09-21,182.47,16,2,-13.57368312
615,2022-09-21,74.69,11,7,-22.99168125
93,2022-09-21,284.95,11,8,17.97890207
700,2022-09-21,94.5,11,2,-26.98045475
317,2022-09-21,399.84,11,5,2.711958958
45,2022-09-21,41.59,11,4,-24.54103208
112,2022-09-21,46.33,11,2,-17.02317505
579,2022-09-21,36.49,11,2,-24.07691716
646,2022-09-21,141.97,11,7,7.752074982
159,2022-09-21,182.03,11,2,-26.68070832
685,2022-09-21,65.9,11,11,-0.292462837
28,2022-09-21,59.4,11,7,-0.489330086
363,2022-09-21,60.08,11,4,-33.74960081
165,2022-09-21,74.9,11,7,2.225283347
57,2022-09-21,32.7,11,3,-29.06073117
1111,2022-09-21,77.75,11,2,-16.14668912
649,2022-09-21,34.32,11,7,9.366095251
47,2022-09-21,111.09,11,6,10.22721475
380,2022-09-21,96.24,11,11,9.191189964
360,2022-09-21,238.87,11,7,6.448213217
406,2022-09-21,87.28,11,11,78.10148205
809,2022-09-21,276.37,11,8,-33.88746792
483,2022-09-21,107.88,11,5,-14.55726641
475,2022-09-21,31.06,11,4,-16.56080736
234,2022-09-21,59.23,11,1,4.532413904
408,2022-09-21,69.65,11,5,7.934298533
29,2022-09-21,493.07,11,7,-10.95196618
480,2022-09-21,28.68,11,6,18.41704661
191,2022-09-21,158.39,11,9,-7.895043665
162,2022-09-21,29.14,11,5,-20.44704508
352,2022-09-21,210.76,11,5,3.672819018
69,2022-09-21,99.77,11,8,-6.058643392
43,2022-09-21,268.48,11,8,-7.015064684
657,2022-09-21,131.28,11,10,1.991434611
1668,2022-09-21,89.68,11,8,-19.85701601
85,2022-09-21,349.81,11,5,-16.64212428
1624,2022-09-21,31.16,11,5,-13.6602945
1427,2022-09-21,30.78,11,8,-37.12580065
212,2022-09-21,64.48,11,6,9.162699253
282,2022-09-21,84.46,11,8,-26.61076617
424,2022-09-21,128.8,11,6,-3.430474079
415,2022-09-21,108.79,11,9,-19.07709572
447,2022-09-21,97.87,11,2,-11.7265191
2183,2022-09-21,16.01,11,3,-48.76799927
181,2022-09-21,240.28,11,10,5.692561909
366,2022-09-21,141.87,11,10,-8.447348367
189,2022-09-21,78.93,11,11,-1.984680998
895,2022-09-21,333.2,11,10,-16.1974386
612,2022-09-21,122.11,11,5,-22.19595677
329,2022-09-21,44.98,11,1,-27.28932581
506,2022-09-21,71.34,11,10,-13.42715361
613,2022-09-21,126.59,11,11,1.038345895
143,2022-09-21,104.29,11,11,0.045582057
443,2022-09-21,53.15,11,1,-30.03299352
1378,2022-09-21,27.54,11,4,-16.5201591
1024,2022-09-21,75.61,11,1,-29.89484673
179,2022-09-21,137.83,11,5,-9.851944977
530,2022-09-21,38.93,11,10,-28.95710778
284,2022-09-21,151.8,11,1,-10.49166059
542,2022-09-21,66.21,11,11,3.318430143
192,2022-09-21,85.22,11,8,-23.60376612
313,2022-09-21,117.49,11,3,-6.160319364
65,2022-09-21,465.74,11,8,-1.641264223
17,2022-09-21,296.48,11,8,3.032237394
209,2022-09-21,76.52,11,5,-21.13089893
338,2022-09-21,304.56,11,4,64.22755598
550,2022-09-21,113.19,11,11,3.934916573
119,2022-09-21,118.24,11,6,0.423311005
609,2022-09-21,385.29,11,4,35.64162123
798,2022-09-21,43.94,11,6,
586,2022-09-21,176.69,11,5,-25.40444516
216,2022-09-21,620.2,11,9,-12.79894233
494,2022-09-21,68.69,11,9,-21.5049767
715,2022-09-21,247.63,11,9,-25.69800793
258,2022-09-21,237.86,11,7,-12.77035444
815,2022-09-21,104.07,11,10,-26.85035737
922,2022-09-21,260.82,47,2,-7.989270771
781,2022-09-21,65.95,11,11,3.189988604
456,2022-09-21,87.83,11,11,4.65908001
305,2022-09-21,42.1,11,11,-2.153207806
730,2022-09-21,99.01,11,10,-47.9387917
686,2022-09-21,89.02,11,5,-15.61335013
520,2022-09-21,177.26,11,9,-7.95453393
9,2022-09-21,90.95,11,6,12.82849082
1109,2022-09-21,146.25,11,4,-29.04963056
693,2022-09-21,430.45,11,2,-1.18971069
430,2022-09-21,47.39,11,5,-16.96295324
1261,2022-09-21,93.29,11,9,-18.69517794
290,2022-09-21,153.25,11,5,-30.31583947
223,2022-09-21,80.45,11,4,-14.42304423
490,2022-09-21,34.26,11,2,-25.12462828
556,2022-09-21,139.82,11,2,-16.39814517
566,2022-09-21,41,11,11,-4.144844961
175,2022-09-21,99.59,11,4,0.030131358
797,2022-09-21,196.24,11,4,-18.65362252
721,2022-09-21,105.7,11,1,-18.8419627
214,2022-09-21,13.05,11,10,-19.52042138
293,2022-09-21,49.8,11,4,-20.83425963
518,2022-09-21,62.22,11,5,1.59727971
1260,2022-09-21,57.3,11,5,-30.59045783
1068,2022-09-21,30.4,11,3,-18.3798594
2036,2022-09-21,32.72,11,3,-19.316564
1372,2022-09-21,24.25,11,2,-10.29652419
236,2022-09-21,28.1,11,1,-42.73120782
807,2022-09-21,84.39,16,10,-26.5152034
500,2022-09-21,287.6,11,4,-3.073603087
1294,2022-09-21,175.83,11,5,-43.6514559
171,2022-09-21,228.2,11,5,-2.280428159
116,2022-09-21,65.22,11,5,-31.13455735
231,2022-09-21,79.72,11,7,28.7443091
224,2022-09-21,37.68,11,10,-13.39907027
499,2022-09-21,155.6,11,10,22.78782764
107,2022-09-21,63.5,11,8,8.988094303
356,2022-09-21,120.73,11,4,-9.815969975
962,2022-09-21,103.74,11,2,4.682098414
78,2022-09-21,320.71,11,2,-4.101094307
396,2022-09-21,27.08,11,6,-27.43309662
512,2022-09-21,63.07,11,2,-10.80344339
1125,2022-09-21,75.16,11,10,-14.50658511
229,2022-09-21,198.84,11,8,-23.54054261
855,2022-09-21,24.44,11,9,-24.77848172
1017,2022-09-21,69.07,11,8,-21.66269578
334,2022-09-21,223.41,11,7,8.177784739
279,2022-09-21,116.92,11,6,13.28525387
622,2022-09-21,12.6,11,4,-24.81062171
316,2022-09-21,124.63,11,10,-16.92548738
689,2022-09-21,62.89,11,8,-17.02071694
18,2022-09-21,271.57,11,10,-16.47489138
64,2022-09-21,174.3,11,5,-8.79169805
801,2022-09-21,46.57,11,7,-5.415859132
816,2022-09-21,16.8,11,9,-8.457520024
783,2022-09-21,33.43,11,5,-6.725471605
457,2022-09-21,26,11,4,-29.65430957
150,2022-09-21,490.63,11,8,12.6961857
541,2022-09-21,13.72,11,2,-6.785440025
974,2022-09-21,232.58,11,5,17.11764826
690,2022-09-21,204.32,11,5,3.622275307
399,2022-09-21,333.48,11,8,-38.19752138
185,2022-09-21,192.72,11,5,-7.956410593
324,2022-09-21,198.17,11,8,-42.89049044
780,2022-09-21,66.83,11,8,-12.73178345
584,2022-09-21,46.15,11,5,-9.239624515
79,2022-09-21,28.47,11,4,-38.81243946
197,2022-09-21,93.61,11,2,-30.60879596
74,2022-09-21,124.93,11,4,-0.019550584
477,2022-09-21,99.15,11,1,-20.64526079
840,2022-09-21,34.26,11,1,-21.92834714
911,2022-09-21,26.57,11,3,-24.45136894
77,2022-09-21,408.68,11,4,-12.12440781
121,2022-09-21,195.04,11,8,-31.1493949
1356,2022-09-21,16.01,11,2,-23.23357728
562,2022-09-21,34.87,11,9,-12.99874366
343,2022-09-21,195.52,11,8,-13.85645538
753,2022-09-21,50.15,11,9,2.462533801
727,2022-09-21,140.51,11,7,9.517558262
758,2022-09-21,188.26,11,4,1.694444873
726,2022-09-21,116.33,11,5,-16.56196879
744,2022-09-21,165.22,11,5,-22.43016833
8,2022-09-21,163.28,11,8,-5.922708822
289,2022-09-21,52.55,11,5,-19.65484459
11,2022-09-21,112.49,11,2,-18.12390014
1067,2022-09-21,26.36,11,4,-24.280543
596,2022-09-21,72.91,11,7,21.59583673
351,2022-09-21,37.16,11,7,-0.630779609
652,2022-09-21,17.13,11,2,-26.80690167
379,2022-09-21,162.05,11,4,1.104320119
277,2022-09-21,120.73,11,7,1.84280616
854,2022-09-21,19.8,11,9,-15.73571106
322,2022-09-21,17.52,11,6,-0.042886056
243,2022-09-21,322.86,11,4,-8.787430044
407,2022-09-21,34.44,11,7,-6.506462254
404,2022-09-21,45.27,11,7,-17.93172403
219,2022-09-21,228.72,11,5,-9.038211018
563,2022-09-21,213.4,11,8,-22.41664469
200,2022-09-21,398.65,11,4,-25.19084892
874,2022-09-21,77.94,11,7,44.02420387
898,2022-09-21,36.62,11,10,-5.350219096
792,2022-09-21,91.84,11,5,-13.00674871
603,2022-09-21,75.92,11,10,-13.11387695
1177,2022-09-21,47.99,11,2,-25.1526363
52,2022-09-21,276.53,14,1,-10.31085183
859,2022-09-21,81.55,11,3,-28.42095775
741,2022-09-21,48.33,11,10,5.428045394
72,2022-09-21,420.2,11,5,-3.251873711
888,2022-09-21,52.88,11,2,-17.19337594
75,2022-09-21,188.36,11,10,-16.4525691
1323,2022-09-21,8.46,11,3,-19.35355775
547,2022-09-21,75.7,11,1,-22.52466453
398,2022-09-21,185.64,11,2,4.170705966
549,2022-09-21,25.18,11,6,1.152371427
164,2022-09-21,94.67,11,6,19.78540813
1092,2022-09-21,234.39,11,2,-32.42680039
240,2022-09-21,148.17,11,10,-12.49815611
122,2022-09-21,153.6,11,2,-4.443288866
574,2022-09-21,329.13,11,1,-13.65046272
920,2022-09-21,47.61,11,5,-13.94406433
22,2022-09-21,304.5,11,4,-11.63032709
850,2022-09-21,49.81,11,3,-50.20493654
604,2022-09-21,77.3,11,7,-19.42738611
34,2022-09-21,251.08,11,10,7.877008986
190,2022-09-21,345.47,11,8,15.51411171
81,2022-09-21,85.73,26,8,-20.09268479
24,2022-09-21,84.53,11,8,8.647258032
16,2022-09-21,142.12,11,3,-32.80060928
254,2022-09-21,64.52,11,2,-4.714375177
426,2022-09-21,1160.06,11,8,-16.81831689
877,2022-09-21,32.78,11,10,-21.62373889
332,2022-09-21,64.73,11,4,-14.75798689
160,2022-09-21,50.1,11,4,-35.843006
2,2022-09-21,238.95,11,4,-19.76104822
636,2022-09-21,157.69,11,9,-22.8328163
232,2022-09-21,125.76,11,8,-28.29285059
1663,2022-09-21,95.46,11,10,-31.63360614
535,2022-09-21,331.92,11,8,-1.606682566
1108,2022-09-21,49.29,11,7,-5.025328631
118,2022-09-21,59.75,11,7,-1.544446419
725,2022-09-21,403.86,11,4,-12.74180128
331,2022-09-21,87.04,11,7,10.17721635
278,2022-09-21,266.7,11,2,-18.01188032
88,2022-09-21,86.36,11,2,-5.087489492
588,2022-09-21,53.5,11,1,-19.96117422
276,2022-09-21,237.86,11,4,3.22866188
357,2022-09-21,439.57,11,2,-12.85055091
558,2022-09-21,58.57,11,2,-0.372941869
718,2022-09-21,65.35,11,4,-25.11624589
67,2022-09-21,236.87,11,3,-36.765531
1530,2022-09-21,15.21,11,10,-30.00152208
335,2022-09-21,42.4,11,1,-43.24795009
3214,2022-09-21,16.33,11,3,-26.31026877
1395,2022-09-21,16.01,11,3,-26.79487007
55,2022-09-21,83.97,11,11,3.720351168
82,2022-09-21,99.79,11,10,-22.93555544
986,2022-09-21,28.41,11,11,-4.950892963
915,2022-09-21,218.91,11,5,-4.103317855
204,2022-09-21,227.89,11,5,-17.26720286
675,2022-09-21,91.18,11,2,-19.24179023
132,2022-09-21,492.87,11,5,11.16106249
1441,2022-09-21,14.58,11,10,-25.72592691
982,2022-09-21,42.17,11,11,15.55773171
306,2022-09-21,110.5,11,1,-21.96750981
15,2022-09-21,132.61,11,4,-50.37138959
822,2022-09-21,4031.49,11,10,-17.60294428
288,2022-09-21,159.17,23,4,-15.58607924
199,2022-09-21,62.68,11,6,3.230738098
422,2022-09-21,251.6,11,5,-21.14509084
731,2022-09-21,64.99,11,3,-20.82137526
409,2022-09-21,68.34,11,4,10.35038915
453,2022-09-21,58.43,11,6,-12.11228779
84,2022-09-21,66.75,11,4,-16.85822855
207,2022-09-21,695.425,11,10,1.452290766
1465,2022-09-21,26.8,11,8,-21.60238277
402,2022-09-21,67.03,11,5,-12.65939159
389,2022-09-21,85.46,11,5,-2.936485489
932,2022-09-21,118.1,11,1,-23.8132927
1019,2022-09-21,21.4,11,3,-40.00372498
311,2022-09-21,258.63,11,5,-9.47128197
300,2022-09-21,117.91,11,4,-5.728862406
663,2022-09-21,343.28,11,4,-2.441241497
94,2022-09-21,91.18,11,4,-20.47099948
1357,2022-09-21,41.57,14,5,-26.26366208
26,2022-09-21,168.44,11,7,5.026172143
653,2022-09-21,125.95,11,8,-30.21208047
23,2022-09-21,43.92,11,8,-17.66421779
487,2022-09-21,14.93,11,11,
60,2022-09-21,96.42,11,7,5.139339161
217,2022-09-21,81.27,11,6,2.93533559
1256,2022-09-21,72.76,11,11,0.513444075
158,2022-09-21,228,11,6,-3.533446674
148,2022-09-21,158.45,11,2,-16.43030441
900,2022-09-21,324.35,11,10,-31.48901899
431,2022-09-21,113.3,11,1,-11.2709433
606,2022-09-21,28.43,11,11,7.435369791
559,2022-09-21,76.06,11,2,10.81330938
14,2022-09-21,135.73,11,7,-8.852259153
139,2022-09-21,121.36,11,2,8.366045914
95,2022-09-21,108.55,11,9,-30.77761101
291,2022-09-21,91.87,11,2,-18.95707855
868,2022-09-21,111.75,11,4,0.975875891
416,2022-09-21,64.48,11,11,-2.867657529
239,2022-09-21,301.73,11,9,-13.50486807
1112,2022-09-21,39.34,11,10,-14.84062466
1096,2022-09-21,84.47,11,4,-34.48382377
62,2022-09-21,124.62,11,4,-19.01926619
576,2022-09-21,136.53,11,5,6.596179391
671,2022-09-21,121.77,11,8,-14.51104735
2144,2022-09-21,92.31,11,10,-20.97352496
569,2022-09-21,106.98,11,2,1.835859751
61,2022-09-21,84.32,11,5,-14.62226928
310,2022-09-21,62.54,11,9,-4.045311932
1025,2022-09-21,55.9,11,9,-15.33206706
125,2022-09-21,684.63,11,8,-1.236296476
585,2022-09-21,21.87,11,2,-2.344088545
413,2022-09-21,143.26,11,5,9.680410372
349,2022-09-21,217.59,11,8,-14.9744428
1199,2022-09-21,74.89,11,5,-35.95992921
428,2022-09-21,231.06,11,5,-14.49958302
1110,2022-09-21,35.5,11,5,5.532807823
270,2022-09-21,372.4,11,4,-19.28279926
386,2022-09-21,87.85,11,10,-2.824564146
941,2022-09-21,46.76,11,10,-38.18903189
90,2022-09-21,334.88,11,2,-16.87933107
50,2022-09-21,147.63,11,4,-30.92363652
435,2022-09-21,300.26,11,9,-7.942479441
135,2022-09-21,37.58,11,6,-7.987875145
905,2022-09-21,59.53,11,4,-34.08345036
1337,2022-09-21,46.58,11,1,-31.45590801
237,2022-09-21,166.26,11,11,5.97086754
134,2022-09-21,401.43,11,4,-29.54896433
201,2022-09-21,213.84,11,1,-12.59816105
1076,2022-09-21,168.57,11,2,-45.49169606
342,2022-09-21,95.65,11,9,-23.43440243
764,2022-09-21,97.76,11,4,-26.50620536
917,2022-09-21,215.79,11,5,2.704565599
909,2022-09-21,287.96,35,4,-7.728786258
144,2022-09-21,76.13,11,11,12.50064123
1695,2022-09-21,34.12,11,5,-20.24310448
906,2022-09-21,83.46,11,5,-42.79730759
97,2022-09-21,88.6,11,10,3.29500361
468,2022-09-21,67.77,11,2,-22.08682858
643,2022-09-21,177.64,11,8,-23.73024764
133,2022-09-21,212.47,11,8,-19.57522209
763,2022-09-21,359.53,11,2,-36.4237604
680,2022-09-21,30.63,11,2,-14.72034074
233,2022-09-21,313.11,11,4,-0.381792567
266,2022-09-21,78.45,11,7,-1.723861257
497,2022-09-21,110.05,11,2,-22.80946959
571,2022-09-21,117.92,11,3,-22.02089855
1220,2022-09-21,31.96,11,10,-14.29121514
708,2022-09-21,72.19,11,6,
129,2022-09-21,159.03,11,10,-27.95874742
296,2022-09-21,120.2,11,4,-8.156843798
661,2022-09-21,368.15,11,4,-17.95917415
1057,2022-09-21,214.19,11,8,-38.41833077
827,2022-09-21,80.97,11,4,-32.88919087
6,2022-09-21,300.8,11,10,-2.036560469
51,2022-09-21,163.3,11,4,-8.301847702
766,2022-09-21,61.54,11,5,-18.21275852
31,2022-09-21,525.69,11,8,-10.69344973
130,2022-09-21,62.96,11,10,4.269561868
103,2022-09-21,136.77,11,3,8.573472213
495,2022-09-21,189.96,11,10,-17.160007
323,2022-09-21,151.93,26,5,-1.930080267
410,2022-09-21,567.06,11,5,-11.02198987
255,2022-09-21,157.06,11,2,-13.00304398
745,2022-09-21,57.37,11,4,-18.94603006
178,2022-09-21,46,11,2,-19.90988502
752,2022-09-21,351.3,11,4,-19.34521311
597,2022-09-21,71.32,11,7,-16.69719511
817,2022-09-21,42,11,9,-24.90720351
577,2022-09-21,410.82,11,10,6.521117282
73,2022-09-21,211.89,11,5,-18.96030156
2258,2022-09-21,36.12,11,5,-11.57894668
71,2022-09-21,173.83,11,5,-19.19168869
564,2022-09-21,282.87,11,5,-18.66877371
7,2022-09-21,512.08,11,8,1.554156728
1493,2022-09-21,94.64,11,8,-35.62476134
184,2022-09-21,43.93,11,2,-20.3382736
194,2022-09-21,105.53,11,6,13.89338376
710,2022-09-21,45.52,11,9,-22.15943597
627,2022-09-21,176.72,11,4,-17.77405419
437,2022-09-21,180.31,11,5,-13.95754088
56,2022-09-21,39.48,11,3,-20.81399166
120,2022-09-21,280.4,11,8,12.04347481
1013,2022-09-21,37.16,11,10,-32.73720076
892,2022-09-21,9.04,11,8,-14.19447351
394,2022-09-21,32.02,11,9,23.71981107
13,2022-09-21,187.02,11,4,-13.51157984
2004,2022-09-21,25.16,11,9,-43.2319557
560,2022-09-21,160.47,11,1,-11.57712718
719,2022-09-21,65.01,11,2,0.413438422
461,2022-09-21,33.43,11,7,-27.71711181
30,2022-09-21,134.77,11,7,-5.811825137
36,2022-09-21,104.49,11,3,-24.62126566
387,2022-09-21,12.22,11,3,
146,2022-09-21,168.89,11,5,9.090429729
631,2022-09-21,280.94,11,8,-16.90132111
420,2022-09-21,99.93,11,11,5.906923533
40,2022-09-21,42.27,11,2,-16.29988028
444,2022-09-21,68.99,11,9,-24.48190938
628,2022-09-21,258.2,11,8,-37.36091624
934,2022-09-21,34.78,11,4,-28.94790963
703,2022-09-21,86.64,11,5,-9.960057141
1150,2022-09-21,33.61,11,1,-27.56687149
513,2022-09-21,29.96,11,9,-22.79040623
1267,2022-09-21,142.5,11,10,-22.13670499
286,2022-09-21,31.47,11,6,-0.711529511
485,2022-09-21,205.02,14,2,-10.71343774
476,2022-09-21,516.75,11,5,2.756291408
1510,2022-09-21,63.99,11,10,-18.27586311
336,2022-09-21,72.5,11,11,6.043378521
635,2022-09-21,93.38,11,5,7.271694828
371,2022-09-21,112.57,11,10,-4.091672209
749,2022-09-21,285.08,11,4,-33.63133098
505,2022-09-21,110.2,11,8,-8.580776559
1248,2022-09-21,57.1,11,2,-14.53470805
152,2022-09-21,151.24,11,8,-22.0475985
145,2022-11-02,122.86,11,5,-14.07087727
1389,2022-11-02,53.7,11,5,-8.556739919
42,2022-11-02,98.04,11,8,-12.32156318
21,2022-11-02,144.52,11,8,-0.376226816
886,2022-11-02,373.51,11,8,30.73046828
37,2022-11-02,272.45,26,4,-9.834011373
198,2022-11-02,72.66,11,3,-6.91774797
54,2022-11-02,301.22,11,4,-26.04286997
949,2022-11-02,186.89,11,10,-5.096526987
96,2022-11-02,58.63,11,4,-34.73953311
673,2022-11-02,25.83,11,11,27.04264991
303,2022-11-02,66.69,11,2,17.96193885
272,2022-11-02,135.27,11,8,13.51799496
186,2022-11-02,245.17,11,1,5.581858814
762,2022-11-02,85.41,11,4,-23.95155773
4151,2022-11-02,43.56,11,5,-17.90425887
367,2022-11-02,266.52,11,1,39.65266917
536,2022-11-02,142.38,11,9,-18.73934114
694,2022-11-02,179.08,11,8,-42.02279235
1155,2022-11-02,102.01,26,5,-10.37096558
826,2022-11-02,52.12,11,11,-8.522628137
337,2022-11-02,123.34,11,2,-2.149945774
4,2022-11-02,87.07,11,3,-25.68092268
5,2022-11-02,86.97,11,3,-25.40078161
114,2022-11-02,44.84,11,7,-15.599924
3,2022-11-02,92.12,11,10,-26.00802992
641,2022-11-02,10.84,14,1,-5.565211438
567,2022-11-02,81.17,11,11,-10.64830056
3004,2022-11-02,13.58,11,5,-26.83189486
242,2022-11-02,88.21,11,11,-8.703073748
123,2022-11-02,143.5,11,2,-15.76305098
251,2022-11-02,57.28,11,2,-1.84128231
105,2022-11-02,205.19,11,9,-12.21683988
460,2022-11-02,138.16,11,11,-6.358520911
384,2022-11-02,308.77,11,2,15.94022128
491,2022-11-02,154.81,11,8,4.551495664
414,2022-11-02,130.09,11,5,3.359326189
59,2022-11-02,269.01,11,8,18.33069911
252,2022-11-02,74.03,11,4,4.020655635
128,2022-11-02,141.24,11,4,-9.847931835
601,2022-11-02,209.45,11,4,-25.17772213
176,2022-11-02,279.13,11,2,-0.672242352
709,2022-11-02,44.24,11,6,10.00630694
1,2022-11-02,145.03,11,4,-7.923455659
137,2022-11-02,87.76,11,4,-21.93003234
479,2022-11-02,88,26,10,-19.03579168
203,2022-11-02,95.8,11,7,8.248749661
440,2022-11-02,125.04,11,4,5.733129255
294,2022-11-02,185.35,11,2,12.41919964
1172,2022-11-02,131.02,11,2,-26.97152864
70,2022-11-02,18.43,11,3,-0.553517194
743,2022-11-02,105.55,11,11,-4.434087313
241,2022-11-02,199.38,11,4,3.359259301
92,2022-11-02,237.44,11,4,9.25149907
228,2022-11-02,2478.68,11,10,23.52082305
478,2022-11-02,171.18,11,9,-21.28102566
742,2022-11-02,165.5,11,1,-6.890614795
439,2022-11-02,27.59,11,6,-9.643529
683,2022-11-02,47.85,11,1,-40.28155236
25,2022-11-02,36.09,11,2,1.093213003
381,2022-11-02,42.04,11,2,0.197585155
1311,2022-11-02,32.68,11,10,-39.20835221
401,2022-11-02,51.93,11,8,-25.79074062
154,2022-11-02,228,11,8,-6.530500771
10,2022-11-02,289.46,11,2,-9.029199776
804,2022-11-02,66.01,11,10,-27.89503454
269,2022-11-02,278.37,11,8,34.27068555
1171,2022-11-02,356.02,11,8,-28.99765078
918,2022-11-02,297.95,11,8,-21.98739522
109,2022-11-02,638.81,11,2,3.744666071
111,2022-11-02,147.41,11,5,-0.807480616
136,2022-11-02,1778.18,11,10,-18.9126773
1131,2022-11-02,36.34,11,10,-1.80076188
961,2022-11-02,71.24,11,9,-37.76810585
173,2022-11-02,41.93,11,8,0.720632307
49,2022-11-02,77.45,11,8,4.678681148
38,2022-11-02,456.03,11,4,-19.55391891
662,2022-11-02,137.73,11,4,-2.982410639
724,2022-11-02,57.14,11,2,-4.389944868
573,2022-11-02,66.44,11,7,2.273633713
246,2022-11-02,145.09,11,4,-3.588284244
1153,2022-11-02,44.08,11,10,-35.50840846
851,2022-11-02,111.89,11,9,-24.46709285
973,2022-11-02,52.26,11,7,13.15405357
295,2022-11-02,103.21,11,2,-17.61913261
565,2022-11-02,75.05,11,8,31.41347901
1094,2022-11-02,62.36,11,10,-31.57779128
1196,2022-11-02,8.69,11,10,-49.91354819
378,2022-11-02,39.12,11,5,2.187300864
881,2022-11-02,44.9,11,8,-50.17754088
91,2022-11-02,214.54,11,5,2.483510359
799,2022-11-02,126.1,11,2,13.59303852
519,2022-11-02,69.85,11,9,-15.27171712
517,2022-11-02,172.4,11,4,5.655093682
1034,2022-11-02,94,11,1,-34.73601888
248,2022-11-02,85.06,11,8,7.589173015
640,2022-11-02,28.11,11,11,-5.948671228
1145,2022-11-02,61.95,11,4,8.058605938
528,2022-11-02,103.17,11,1,7.801424433
861,2022-11-02,88.17,11,5,-17.77923896
970,2022-11-02,215.75,11,8,-12.25394676
87,2022-11-02,78.93,11,2,16.97314296
327,2022-11-02,347.245,11,3,-19.71956622
12,2022-11-02,178.5,11,6,13.68740593
264,2022-11-02,1407.98,11,10,-3.639577628
115,2022-11-02,210.54,16,2,3.512716027
615,2022-11-02,72.47,11,7,-24.27128117
93,2022-11-02,320.86,11,8,31.44339144
700,2022-11-02,99.05,11,2,-16.89818777
317,2022-11-02,415.81,11,5,6.770716157
45,2022-11-02,44.57,11,4,-8.98056511
112,2022-11-02,45.55,11,2,-5.568464265
579,2022-11-02,39.56,11,2,2.582694946
646,2022-11-02,137.68,11,7,-2.313915125
159,2022-11-02,172.88,11,2,-19.451198
685,2022-11-02,57.04,11,11,-14.72881141
28,2022-11-02,58.81,11,7,-5.919312329
363,2022-11-02,60.26,11,4,-24.72092009
165,2022-11-02,72.77,11,7,-1.952347206
57,2022-11-02,30.91,11,3,-22.39638752
1111,2022-11-02,67.79,11,2,-16.1851784
649,2022-11-02,35.91,11,7,6.927241676
47,2022-11-02,126.51,11,6,35.90335521
380,2022-11-02,88.21,11,11,-2.573441986
360,2022-11-02,239.26,11,7,-1.321222662
406,2022-11-02,93.09,11,11,60.64767328
809,2022-11-02,270.43,11,8,-24.25048028
483,2022-11-02,112.06,11,5,-2.52261791
475,2022-11-02,31.75,11,4,-10.34293987
234,2022-11-02,66.91,11,1,17.28334395
408,2022-11-02,79.18,11,5,22.91214305
29,2022-11-02,483.51,11,7,-8.271205855
480,2022-11-02,30.68,11,6,10.73099994
191,2022-11-02,128.84,11,9,-27.44862641
162,2022-11-02,28.53,11,5,-16.27476434
352,2022-11-02,241.25,11,5,25.50144226
69,2022-11-02,96.8,11,8,1.512831029
43,2022-11-02,242.54,11,8,-2.998111298
657,2022-11-02,139.71,11,10,7.281762826
1668,2022-11-02,69.76,11,8,-34.93144041
85,2022-11-02,385.95,11,5,1.955343743
1624,2022-11-02,32.06,11,5,-24.86523846
1427,2022-11-02,28.18,11,8,-28.37510828
212,2022-11-02,67.44,11,6,20.220116
282,2022-11-02,115.95,11,8,13.91658179
424,2022-11-02,154.83,11,6,27.35758225
415,2022-11-02,94.23,11,9,-31.9415896
447,2022-11-02,101.03,11,2,-9.801445675
2183,2022-11-02,14.55,11,3,-47.52974962
181,2022-11-02,249.68,11,10,6.192919294
366,2022-11-02,153.2,11,10,-6.230877482
189,2022-11-02,69.04,11,11,-13.44101763
895,2022-11-02,339.03,11,10,-2.848586974
612,2022-11-02,130.78,11,5,-1.918600247
329,2022-11-02,46.93,11,1,-28.34544407
506,2022-11-02,75.17,11,10,6.896773204
613,2022-11-02,111.02,11,11,-12.51772823
143,2022-11-02,92.88,11,11,-12.98205598
443,2022-11-02,60.54,11,1,-7.183454789
1378,2022-11-02,28.16,11,4,-4.119853447
1024,2022-11-02,75.98,11,1,-24.12257751
179,2022-11-02,150.61,11,5,3.953297158
530,2022-11-02,38.06,11,10,-27.70905353
284,2022-11-02,137.23,11,1,-16.59110392
542,2022-11-02,58.76,11,11,-11.45795875
192,2022-11-02,70.31,11,8,-32.92950841
313,2022-11-02,128.66,11,3,7.522468732
65,2022-11-02,538.12,11,8,8.818565721
17,2022-11-02,354.96,11,8,23.38919124
209,2022-11-02,84.95,11,5,-4.918886714
338,2022-11-02,289.5,11,4,71.98360176
550,2022-11-02,108.76,11,11,-6.283611738
119,2022-11-02,135.59,11,6,21.26625289
609,2022-11-02,326.92,11,4,13.31716237
798,2022-11-02,40.47,11,6,3.30940691
586,2022-11-02,161.86,11,5,-20.91145487
216,2022-11-02,549.25,11,9,-21.08584276
494,2022-11-02,61.85,11,9,-21.30201491
715,2022-11-02,216.32,11,9,-31.06688114
258,2022-11-02,189.96,11,7,-26.7709455
815,2022-11-02,87.54,11,10,-9.817656134
922,2022-11-02,321.87,47,2,17.42354887
781,2022-11-02,60.77,11,11,-7.891713829
456,2022-11-02,76.24,11,11,-10.24760001
305,2022-11-02,38.04,11,11,-17.25588766
730,2022-11-02,90.34,11,10,-48.32103564
686,2022-11-02,93.31,11,5,-6.12499195
520,2022-11-02,158.46,11,9,-11.88340526
9,2022-11-02,109.61,11,6,29.35226817
1109,2022-11-02,139.42,11,4,-19.05481089
693,2022-11-02,415.26,11,2,5.635357092
430,2022-11-02,48.01,11,5,-11.55832757
1261,2022-11-02,99.17,11,9,-11.95033012
290,2022-11-02,154.56,11,5,-20.74835411
223,2022-11-02,79.47,11,4,-17.65905306
490,2022-11-02,34.71,11,2,-6.266811986
556,2022-11-02,115.75,11,2,-23.71251279
566,2022-11-02,37.98,11,11,-9.84059648
175,2022-11-02,100.56,11,4,3.531350152
797,2022-11-02,178.28,11,4,-28.22288619
721,2022-11-02,119.87,11,1,-8.136601396
214,2022-11-02,13.06,11,10,-7.593643704
293,2022-11-02,53.23,11,4,-8.858981998
518,2022-11-02,62.25,11,5,6.160414247
1260,2022-11-02,57.64,11,5,-18.37006577
1068,2022-11-02,28.17,11,3,-16.14713468
2036,2022-11-02,30.05,11,3,-17.2281562
1372,2022-11-02,22.56,11,2,-8.647740707
236,2022-11-02,31.01,11,1,-21.96423525
807,2022-11-02,84.53,16,10,-23.17411814
500,2022-11-02,318.51,11,4,9.815887595
1294,2022-11-02,105.71,11,5,-53.36803655
171,2022-11-02,246.37,11,5,6.825486679
116,2022-11-02,77.4,11,5,2.699084908
231,2022-11-02,79.81,11,7,16.52234005
224,2022-11-02,38.52,11,10,0.412477463
499,2022-11-02,175.07,11,10,35.81231853
107,2022-11-02,77.88,11,8,32.22852809
356,2022-11-02,107.58,11,4,-13.15106096
962,2022-11-02,112.26,11,2,14.89398568
78,2022-11-02,349.79,11,2,14.22430515
396,2022-11-02,35.79,11,6,0.227929286
512,2022-11-02,72.37,11,2,4.407725991
1125,2022-11-02,62.63,11,10,-28.77797245
229,2022-11-02,213.82,11,8,2.008250107
855,2022-11-02,23.65,11,9,-25.0411598
1017,2022-11-02,69.68,11,8,-13.38719335
334,2022-11-02,235.11,11,7,9.043999351
279,2022-11-02,140.4,11,6,37.98855256
622,2022-11-02,14,11,4,-7.384864053
316,2022-11-02,129.73,11,10,-16.34149968
689,2022-11-02,74.25,11,8,1.837877206
18,2022-11-02,288.73,11,10,-4.717033577
64,2022-11-02,200.47,11,5,2.851147998
801,2022-11-02,46.31,11,7,-9.623865831
816,2022-11-02,18,11,9,-9.557333131
783,2022-11-02,35.34,11,5,4.547897995
457,2022-11-02,26.98,11,4,-26.05736325
150,2022-11-02,559.58,11,8,29.50562424
541,2022-11-02,14.98,11,2,15.74419609
974,2022-11-02,253.78,11,5,20.77539488
690,2022-11-02,218.42,11,5,16.00313721
399,2022-11-02,372.64,11,8,-13.83248809
185,2022-11-02,209.57,11,5,6.238348353
324,2022-11-02,210.98,11,8,-29.87203209
780,2022-11-02,77.15,11,8,1.446414767
584,2022-11-02,49.05,11,5,10.19156189
79,2022-11-02,27.42,11,4,-37.88398805
197,2022-11-02,92.63,11,2,-17.72695242
74,2022-11-02,136.83,11,4,5.437863346
477,2022-11-02,94.26,11,1,-21.29060417
840,2022-11-02,32.72,11,1,-28.30485427
911,2022-11-02,29.08,11,3,-9.437272179
77,2022-11-02,385.03,11,4,-9.509158166
121,2022-11-02,236.13,11,8,-1.882323074
1356,2022-11-02,15.43,11,2,-16.21548928
562,2022-11-02,31.46,11,9,-17.06990139
343,2022-11-02,204.35,11,8,-5.855519947
753,2022-11-02,49.18,11,9,-0.609323105
727,2022-11-02,149.26,11,7,12.23346582
758,2022-11-02,190.64,11,4,0.659300057
726,2022-11-02,113.12,11,5,-17.48360148
744,2022-11-02,167.62,11,5,-1.02905118
8,2022-11-02,170.43,11,8,-3.347718725
289,2022-11-02,57.11,11,5,-5.880381112
11,2022-11-02,126.97,11,2,7.312434865
1067,2022-11-02,30.11,11,4,-5.272615476
596,2022-11-02,75.82,11,7,14.39908038
351,2022-11-02,36.98,11,7,2.331704668
652,2022-11-02,17.8,11,2,-6.678233148
379,2022-11-02,167.1,11,4,17.78389501
277,2022-11-02,122.27,11,7,-8.452293798
854,2022-11-02,20.83,11,9,-13.76468996
322,2022-11-02,17.9,11,6,1.539897891
243,2022-11-02,312.42,11,4,-3.727698181
407,2022-11-02,38.12,11,7,-7.264138074
404,2022-11-02,46.56,11,7,-12.51350241
219,2022-11-02,238.81,11,5,2.505187922
563,2022-11-02,224.58,11,8,-7.04613016
200,2022-11-02,395.52,11,4,-16.86825814
874,2022-11-02,86.17,11,7,31.72260492
898,2022-11-02,38.18,11,10,4.061056785
792,2022-11-02,104.36,11,5,1.583844167
603,2022-11-02,80,11,10,3.730762355
1177,2022-11-02,52.1,11,2,-13.13915077
52,2022-11-02,294.34,14,1,-5.323617804
859,2022-11-02,76.78,11,3,-26.76459227
741,2022-11-02,52.14,11,10,4.66996371
72,2022-11-02,482.06,11,5,13.35860604
888,2022-11-02,55.51,11,2,-9.65839074
75,2022-11-02,185.71,11,10,-7.572194586
1323,2022-11-02,7.05,11,3,-28.20947116
547,2022-11-02,78.2,11,1,-22.24086281
398,2022-11-02,163.71,11,2,-1.391243048
549,2022-11-02,29.76,11,6,20.03017292
164,2022-11-02,114.73,11,6,30.27911016
1092,2022-11-02,232.09,11,2,-10.504209
240,2022-11-02,152.99,11,10,-13.80547631
122,2022-11-02,159.06,11,2,1.47046255
574,2022-11-02,322.89,11,1,-8.801111716
920,2022-11-02,44.12,11,5,-15.79173495
22,2022-11-02,319.82,11,4,-10.64280389
850,2022-11-02,45.74,11,3,-43.3139171
604,2022-11-02,77.23,11,7,-20.39102624
34,2022-11-02,270.37,11,10,10.83338739
190,2022-11-02,389.79,11,8,27.41908066
81,2022-11-02,85.78,26,8,-15.51167883
24,2022-11-02,99.4,11,8,15.23891682
16,2022-11-02,90.54,11,3,-57.11646908
254,2022-11-02,73.57,11,2,12.971433
426,2022-11-02,1238.81,11,8,-4.192507472
877,2022-11-02,35.11,11,10,-16.33277351
332,2022-11-02,60.64,11,4,-9.894348534
160,2022-11-02,53.45,11,4,-23.97968878
2,2022-11-02,220.1,11,4,-22.27417305
636,2022-11-02,153.21,11,9,-17.96972858
232,2022-11-02,148.62,11,8,4.603035756
1663,2022-11-02,90.47,11,10,-37.927958
535,2022-11-02,350.34,11,8,14.32206963
1108,2022-11-02,49.34,11,7,-7.851825518
118,2022-11-02,62.58,11,7,-0.673243415
725,2022-11-02,334.54,11,4,-18.25458719
331,2022-11-02,91.71,11,7,8.2123883
278,2022-11-02,256.11,11,2,-14.55321891
88,2022-11-02,84.37,11,2,4.88161045
588,2022-11-02,51.89,11,1,-16.39827962
276,2022-11-02,239.9,11,4,12.50051162
357,2022-11-02,453.74,11,2,7.632123995
558,2022-11-02,60.72,11,2,17.09364934
718,2022-11-02,68.87,11,4,-5.514314636
67,2022-11-02,273,11,3,36.86954317
1530,2022-11-02,12.86,11,10,-41.34426068
335,2022-11-02,39.53,11,1,-44.16986542
3214,2022-11-02,16.72,11,3,-17.19487502
1395,2022-11-02,16.47,11,3,-18.06201574
55,2022-11-02,77.28,11,11,11.75565236
82,2022-11-02,90.3,11,10,-27.9910906
986,2022-11-02,25.62,11,11,-9.308960024
915,2022-11-02,221.35,11,5,2.282950418
204,2022-11-02,225.4,11,5,-11.30240319
675,2022-11-02,84.38,11,2,-18.0664814
132,2022-11-02,530.3,11,5,21.77895171
1441,2022-11-02,16.35,11,10,-17.67371662
982,2022-11-02,43.37,11,11,19.75340827
306,2022-11-02,128.72,11,1,-13.36764001
15,2022-11-02,132.19,11,4,-32.2905241
822,2022-11-02,4129.72,11,10,-6.83405399
288,2022-11-02,148.61,23,4,-15.17079193
199,2022-11-02,71.1,11,6,22.44076694
422,2022-11-02,260.39,11,5,-6.806158632
731,2022-11-02,71.63,11,3,-4.776554677
409,2022-11-02,60.11,11,4,8.072638915
453,2022-11-02,59.06,11,6,-4.603366007
84,2022-11-02,75.12,11,4,2.490221607
207,2022-11-02,815.11,11,10,33.48234713
1465,2022-11-02,25.93,11,8,-17.78692373
402,2022-11-02,70.21,11,5,-3.023005278
389,2022-11-02,95.7,11,5,14.78776244
932,2022-11-02,118.54,11,1,-24.48479292
1019,2022-11-02,16.79,11,3,-43.3955994
311,2022-11-02,283.55,11,5,4.874526314
300,2022-11-02,114.5,11,4,-9.165198928
663,2022-11-02,316.45,11,4,8.106726868
94,2022-11-02,79.45,11,4,-13.1978608
1357,2022-11-02,40.39,14,5,-20.90746394
26,2022-11-02,178.24,11,7,7.691831835
653,2022-11-02,130.12,11,8,-11.92513567
23,2022-11-02,47.07,11,8,-1.080254687
487,2022-11-02,14.93,11,11,18.02372139
60,2022-11-02,89.38,11,7,-6.83528574
217,2022-11-02,103.24,11,6,18.2255706
1256,2022-11-02,67.29,11,11,-3.22212704
158,2022-11-02,252.92,11,6,13.97055739
148,2022-11-02,158.73,11,2,-3.395410837
900,2022-11-02,295.3,11,10,-27.97705481
431,2022-11-02,110.08,11,1,-15.16152784
606,2022-11-02,26.12,11,11,-5.542806287
559,2022-11-02,86.79,11,2,28.39478012
14,2022-11-02,132.94,11,7,-14.91047115
139,2022-11-02,127.73,11,2,15.96235306
95,2022-11-02,106.74,11,9,-29.3581309
291,2022-11-02,105.29,11,2,-0.53874778
868,2022-11-02,115.73,11,4,0.748672926
416,2022-11-02,56.61,11,11,-16.4570188
239,2022-11-02,283.02,11,9,-17.17609388
1112,2022-11-02,38.64,11,10,-8.295021995
1096,2022-11-02,84.48,11,4,-29.34091244
62,2022-11-02,112.5,11,4,-21.70172166
576,2022-11-02,136.78,11,5,17.81087651
671,2022-11-02,140.48,11,8,7.17178724
2144,2022-11-02,90.3,11,10,-13.92879518
569,2022-11-02,117.38,11,2,20.11759559
61,2022-11-02,94.15,11,5,1.118500535
310,2022-11-02,61.07,11,9,-7.309995186
1025,2022-11-02,60.51,11,9,-7.885357715
125,2022-11-02,740.48,11,8,13.5670621
585,2022-11-02,21.85,11,2,5.535015883
413,2022-11-02,130.32,11,5,0.201478762
349,2022-11-02,218,11,8,9.568422976
1199,2022-11-02,76.01,11,5,-21.5925812
428,2022-11-02,235.38,11,5,-4.934483653
1110,2022-11-02,41.87,11,5,26.83117944
270,2022-11-02,403.12,11,4,-11.94933825
386,2022-11-02,92.6,11,10,-7.932603324
941,2022-11-02,49.66,11,10,-36.64199848
90,2022-11-02,310.74,11,2,-15.00958219
50,2022-11-02,150.01,11,4,-15.52064633
435,2022-11-02,268.35,11,9,-20.22904288
135,2022-11-02,51.14,11,6,31.87211457
905,2022-11-02,49.49,11,4,-38.67381892
1337,2022-11-02,42.42,11,1,-33.61970795
237,2022-11-02,150.54,11,11,-4.317380199
134,2022-11-02,392.68,11,4,-18.9514979
201,2022-11-02,215.73,11,1,-19.35778983
1076,2022-11-02,146.66,11,2,-40.61580937
342,2022-11-02,111.61,11,9,-1.314826765
764,2022-11-02,83.39,11,4,-28.82952931
917,2022-11-02,220.03,11,5,4.023512674
909,2022-11-02,217.58,35,4,-14.77811135
144,2022-11-02,64.8,11,11,-9.89269406
1695,2022-11-02,36.5,11,5,-21.55598333
906,2022-11-02,73.28,11,5,-39.37860673
97,2022-11-02,84.58,11,10,13.64087864
468,2022-11-02,73.88,11,2,9.850618979
643,2022-11-02,165.95,11,8,-25.60753193
133,2022-11-02,211.97,11,8,-9.934527855
763,2022-11-02,213.05,11,2,-57.19050831
680,2022-11-02,34.94,11,2,-5.149830013
233,2022-11-02,281.11,11,4,-3.302262181
266,2022-11-02,81.45,11,7,-3.137190287
497,2022-11-02,104.66,11,2,-14.64222307
571,2022-11-02,113.55,11,3,-6.880432362
1220,2022-11-02,30.59,11,10,-7.515543853
708,2022-11-02,67,11,6,-8.83495443
129,2022-11-02,160.2,11,10,-29.57005189
296,2022-11-02,113.64,11,4,-8.868448205
661,2022-11-02,390.68,11,4,-8.817625807
1057,2022-11-02,208.4,11,8,-26.05014016
827,2022-11-02,79.44,11,4,-26.65546907
6,2022-11-02,214.98,11,10,-28.57333116
51,2022-11-02,158.49,11,4,-6.989355105
766,2022-11-02,67.2,11,5,-4.03729107
31,2022-11-02,490.98,11,8,-9.8961829
130,2022-11-02,70.29,11,10,13.96119589
103,2022-11-02,150.02,11,3,18.68671081
495,2022-11-02,211.41,11,10,3.486066095
323,2022-11-02,160.81,26,5,15.47251628
410,2022-11-02,557.71,11,5,-4.881545917
255,2022-11-02,182.31,11,2,8.374783881
745,2022-11-02,53.65,11,4,-20.18744339
178,2022-11-02,43.92,11,2,-8.406378654
752,2022-11-02,296.56,11,4,-24.84731543
597,2022-11-02,67.44,11,7,-26.58788699
817,2022-11-02,38.84,11,9,-23.56905827
577,2022-11-02,406.77,11,10,0.300826349
73,2022-11-02,192.53,11,5,-16.35994472
2258,2022-11-02,41.11,11,5,-18.09124978
71,2022-11-02,164.58,11,5,-6.363275849
564,2022-11-02,309.45,11,5,0.78820097
7,2022-11-02,543.43,11,8,9.17135262
1493,2022-11-02,113.13,11,8,-7.114530792
184,2022-11-02,41.75,11,2,-12.66459707
194,2022-11-02,125.83,11,6,9.783138099
710,2022-11-02,37.37,11,9,-31.53866286
627,2022-11-02,186.61,11,4,6.634286063
437,2022-11-02,169.33,11,5,-15.94804253
56,2022-11-02,37.71,11,3,-15.97578275
120,2022-11-02,310.01,11,8,18.34250263
1013,2022-11-02,27.5,11,10,-46.15002273
892,2022-11-02,10.07,11,8,0.824544938
394,2022-11-02,32.01,11,9,12.90270779
13,2022-11-02,200.95,11,4,-4.648900948
2004,2022-11-02,22.84,11,9,-37.66748554
560,2022-11-02,162.91,11,1,-4.852436868
719,2022-11-02,74.33,11,2,13.46581246
461,2022-11-02,35.81,11,7,-13.7209677
30,2022-11-02,140.75,11,7,-6.648626937
36,2022-11-02,101.82,11,3,-10.29074917
387,2022-11-02,12.68,11,3,-34.12986854
146,2022-11-02,155.22,11,5,-1.636912935
631,2022-11-02,295.74,11,8,-2.195917237
420,2022-11-02,90.25,11,11,-8.217101226
40,2022-11-02,46.88,11,2,8.707375201
444,2022-11-02,58.86,11,9,-33.72592615
628,2022-11-02,219.53,11,8,-29.65199562
934,2022-11-02,34.58,11,4,-35.86794695
703,2022-11-02,90.45,11,5,-1.286769037
1150,2022-11-02,33.57,11,1,-32.11054499
513,2022-11-02,29.66,11,9,-25.20486869
1267,2022-11-02,131.62,11,10,-27.48772309
286,2022-11-02,33.04,11,6,-1.515691106
485,2022-11-02,220.13,14,2,4.940963961
476,2022-11-02,583.98,11,5,19.7780559
1510,2022-11-02,67.13,11,10,-6.386838502
336,2022-11-02,65.31,11,11,-8.876868502
635,2022-11-02,104.27,11,5,28.31562793
371,2022-11-02,117.37,11,10,2.399341243
749,2022-11-02,236.03,11,4,-37.81647806
505,2022-11-02,107.69,11,8,-10.34462565
1248,2022-11-02,49.49,11,2,-11.95726093
152,2022-11-02,147.36,11,8,-15.29744961
